Address,City,State,Zip,Country,Phone,Hours
1295 S Missouri Ave,Clearwater,FL,33756,US,(727) 241-6723,Sun–Sat7AM–10PM
1542 S Dixie Hwy,Coral Gables,FL,33146,US,(305) 929-7067,Sun–Sat7AM–10PM
7330 Buffaloe Rd,Raleigh,NC,27616,US,(919) 679-6584,Sun–Sat7AM–10PM
835 CR 210 W,Saint Johns,FL,32259,US,(904) 824-3334,Sun–Sat7AM–10PM
12810 S Tryon St,Charlotte,NC,28273,US,(704) 587-0339,Sun–Fri7AM–10PMSat7AM–4PM
9815 Rose Commons Dr,Huntersville,NC,28078,US,(704) 948-4801,Sun–Sat7AM–10PM
230 20th St S,Birmingham,AL,35233,US,(205) 250-7170,Sun–Sat7AM–10PM
3200 Lake Washington Rd,Melbourne,FL,32934,US,(321) 426-2208,Sun–Sat7AM–10PM
4591 S Laburnum Ave,Richmond,VA,23231,US,(804) 226-1915,Sun–Sat7AM–10PM
8244 Navarre Pkwy,Navarre,FL,32566,US,(850) 515-0999,Sun–Sat7AM–10PM
6030 14th St W,Bradenton,FL,34207,US,(941) 527-4706,Sun–Sat7AM–10PM
1520 N McMullen Booth Rd,Clearwater,FL,33759,US,(727) 725-4900,Sun–Sat7AM–10PM
1620 Ross Clark Cir,Dothan,AL,36301,US,(334) 673-1200,Sun–Sat7AM–9PM
9867 State Hwy 104,Fairhope,AL,36532,US,(251) 279-6001,Sun–Sat7AM–9PM
6753 Thomasville Rd,Tallahassee,FL,32312,US,(850) 668-5702,Sun–Sat7AM–10PM
635 Greenville Hwy,Hendersonville,NC,28792,US,(828) 694-4440,Sun–Sat7AM–9PM
"3721 New Macland Rd, Ste 300",Powder Springs,GA,30127,US,(770) 222-2972,Sun–Sat7AM–10PM
370 Bullsboro Dr,Newnan,GA,30263,US,(770) 502-0693,Sun–Sat7AM–10PM
8105 Moores Ln,Brentwood,TN,37027,US,(615) 221-9880,Sun–Sat7AM–9PM
2463 Hamilton Mill Pkwy,Dacula,GA,30019,US,(770) 614-1070,Sun–Sat7AM–10PM
916 Loganville Hwy Ste 200,Bethlehem,GA,30620,US,(770) 307-1600,Sun–Sat7AM–10PM
2514 N McMullen Booth Rd,Clearwater,FL,33761,US,(727) 723-0281,Sun–Sat7AM–10PM
5801 SW 75th St,Gainesville,FL,32608,US,(352) 375-1110,Sun–Sat7AM–10PM
7628 103rd St Ste 24,Jacksonville,FL,32210,US,(904) 777-3122,Sun–Sat7AM–10PM
101 E Granada Blvd,Ormond Beach,FL,32176,US,(386) 672-8643,Sun–Sat7AM–9PM
630 Atlantic Blvd,Neptune Beach,FL,32266,US,(904) 241-0944,Sun–Sat7AM–10PM
670 Marsh Landing Pkwy,Jacksonville Beach,FL,32250,US,(904) 273-7600,Sun–Sat7AM–10PM
1850 Ridgewood Ave,Holly Hill,FL,32117,US,(386) 677-7161,Sun–Sat7AM–9PM
9601 Patriot Hwy,Fredericksburg,VA,22407,US,(540) 898-6801,Sun–Sat7AM–10PM
605 Courtland Blvd,Deltona,FL,32738,US,(407) 321-5172,Sun–Sat7AM–9PM
15880 Summerlin Rd,Fort Myers,FL,33908,US,(239) 433-0297,Sun–Sat7AM–10PM
345 Jacaranda Blvd,Venice,FL,34292,US,(941) 485-1037,Sun7AM–9PMMon–Sat7AM–10PM
586 US 27 N,Lake Placid,FL,33852,US,(863) 699-2081,Sun–Sat7AM–10PM
17179 Tamiami Trl,North Port,FL,34287,US,(941) 426-2167,Sun–Sat7AM–10PM
1255 US Highway 1,Vero Beach,FL,32960,US,(772) 778-1984,Sun–Sat7AM–10PM
1616 Cape Coral Pkwy W # 5,Cape Coral,FL,33914,US,(239) 945-6222,Sun–Sat7AM–10PM
3100 S Ocean Dr,Hollywood,FL,33019,US,(954) 266-5005,Sun–Sat7AM–10PM
19050 Corkscrew Rd,Estero,FL,33928,US,(239) 675-4029,Sun–Sat7AM–9PM
95 S US Highway 1,Jupiter,FL,33477,US,(561) 743-7400,Sun–Sat7AM–9PM
7050 Seminole Pratt Whitney Rd,Loxahatchee,FL,33470,US,(561) 383-6177,Sun–Sat7AM–10PM
11950 Forest Hill Blvd,Wellington,FL,33414,US,(561) 422-9640,Sun–Sat7AM–10PM
2414 W 60th St,Hialeah,FL,33016,US,(305) 557-0566,Sun–Sat7AM–10PM
13001 SW 112th St,Miami,FL,33186,US,(786) 822-3966,Sun–Sat7AM–10PM
23300 SW 112th Ave,Homestead,FL,33032,US,(305) 257-4090,Sun–Sat7AM–10PM
83268 Overseas Hwy,Islamorada,FL,33036,US,(305) 664-4890,Sun–Sat6AM–10PM
4518 Hwy 42 S,Locust Grove,GA,30248,US,(470) 754-6830,Sun–Sat7AM–10PM
3435 N Federal Hwy,Pompano Beach,FL,33064,US,(954) 590-4068,Sun–Sat7AM–10PM
334 E Martintown Rd,North Augusta,SC,29841,US,(803) 441-3900,Sun–Sat7AM–9PM
1060 Braselton Village Pkwy,Braselton,GA,30517,US,(470) 429-6148,Sun–Sat7AM–10PM
1920 West Ave,Miami Beach,FL,33139,US,(305) 535-4268,Sun–Sat7AM–10PM
2040 Martin St S,Pell City,AL,35128,US,(205) 338-3472,Sun–Sat7AM–9PM
750 Winfield Dunn Pkwy Ste 100,Sevierville,TN,37876,US,(865) 429-1734,Sun–Sat7AM–10PM
3475 Wedgewood Ln,The Villages,FL,32162,US,(352) 751-6280,Sun–Sat7AM–9PM
1451 Riverstone Pkwy,Canton,GA,30114,US,(770) 720-1001,Sun–Sat7AM–10PM
635 Paul Huff Pkwy NW,Cleveland,TN,37312,US,(423) 476-4022,Sun–Sat7AM–10PM
11750 SE Federal Hwy,Hobe Sound,FL,33455,US,(772) 545-5660,Sun–Sat7AM–9PM
4060 S US Highway 1,Jupiter,FL,33477,US,(561) 694-2662,Sun–Sat7AM–9PM
150 S Federal Hwy,Deerfield Beach,FL,33441,US,(954) 427-5537,Sun–Sat7AM–10PM
170 S Flamingo Rd,Pembroke Pines,FL,33027,US,(954) 437-9500,Sun–Sat7AM–10PM
5310 Matt Hwy,Cumming,GA,30028,US,(770) 889-5778,Sun–Sat7AM–10PM
9755 NW 41st St,Doral,FL,33178,US,(305) 591-2145,Sun–Sat7AM–10PM
5580 Woodbine Rd,Pace,FL,32571,US,(850) 994-6552,Sun–Sat7AM–10PM
3760 Sixes Rd Ste 110,Canton,GA,30114,US,(770) 345-8380,Sun–Sat7AM–10PM
909 Eagles Landing Pkwy Ste 300,Stockbridge,GA,30281,US,(770) 389-6130,Sun–Sat7AM–10PM
1001 S Federal Hwy,Boca Raton,FL,33432,US,(561) 417-2445,Sun–Sat7AM–10PM
101 N Blairstone Rd Ste 301,Tallahassee,FL,32301,US,(850) 219-6211,Sun–Sat7AM–10PM
10040 Navarre Pkwy,Navarre,FL,32566,US,(850) 936-4023,Sun–Sat7AM–10PM
205 Rivertown Shops Dr,Saint Johns,FL,32259,US,(904) 230-1347,Sun–Sat7AM–10PM
20711 S Dixie Hwy,Miami,FL,33189,US,(305) 256-3140,Sun–Sat7AM–10PM
12535 Northlake Blvd,Palm Beach Gardens,FL,33412,US,(561) 530-5848,—
3245 Peachtree Pkwy Ste A,Suwanee,GA,30024,US,(770) 886-5335,Sun–Sat7AM–10PM
12407 SW Community Blvd,Port Saint Lucie,FL,34987,US,(772) 446-8514,Sun–Sat7AM–10PM
19221 N Dale Mabry Hwy,Lutz,FL,33548,US,(813) 949-3882,Sun–Sat7AM–10PM
1688 Ooltewah Ringgold Rd Ste 100,Ooltewah,TN,37363,US,(423) 508-6834,Sun–Sat7AM–9PM
9251 University Pkwy,Pensacola,FL,32514,US,(850) 473-5000,Sun–Sat7AM–10PM
3450 E Silver Springs Blvd,Ocala,FL,34470,US,(352) 671-3443,Sun7AM–9PMMon–Sat7AM–10PM
509 N State of Franklin Rd Ste 20,Johnson City,TN,37604,US,(423) 926-1260,Sun–Sat7AM–10PM
2755 SW 91st St,Gainesville,FL,32608,US,(352) 331-1037,Sun–Sat7AM–10PM
2038 US Highway 98 W,Santa Rosa Beach,FL,32459,US,(850) 267-0582,Sun–Sat7AM–10PM
928 Gold Hill Rd,Fort Mill,SC,29708,US,(803) 548-7900,Sun–Fri7AM–9PMSat7AM–4PM
4255 US 1 S,Saint Augustine,FL,32086,US,(904) 797-1111,Sun–Sat7AM–10PM
4701 Sunray Dr,Holiday,FL,34690,US,(727) 944-3551,Sun–Sat7AM–9:30PM
5000 E Bay Dr,Clearwater,FL,33764,US,(727) 538-8500,Sun–Sat7AM–10PM
1905 Scenic Hwy N Ste 4000,Snellville,GA,30078,US,(770) 978-5800,Sun–Sat7AM–10PM
661 President Pl,Smyrna,TN,37167,US,(615) 220-1919,Sun–Sat7AM–9PM
5100 Pine Island Rd NW,Bokeelia,FL,33922,US,(239) 558-6088,Sun–Sat7AM–9PM
13401 Summerlin Rd,Fort Myers,FL,33919,US,(239) 481-2242,Sun–Sat7AM–10PM
5950 Coral Ridge Dr,Coral Springs,FL,33076,US,(954) 757-4405,Sun–Sat7AM–10PM
7045 Forest Hill Ave,Richmond,VA,23225,US,(804) 323-4110,Sun–Sat7AM–10PM
601 NW 2nd Ave,Miami,FL,33136,US,(305) 374-6806,Sun–Sat7AM–10PM
30535 US Highway 19 N,Palm Harbor,FL,34684,US,(727) 787-8802,Sun–Sat7AM–10PM
3060 NE 41st Ter,Homestead,FL,33033,US,(305) 242-0954,Sun–Sat7AM–10PM
3900 E Bay Dr,Holmes Beach,FL,34217,US,(941) 778-5422,Sun–Sat7AM–10PM
1920 County Road 581,Wesley Chapel,FL,33544,US,(813) 994-4566,Sun–Sat7AM–10PM
510 GA Hwy 247 S,Bonaire,GA,31005,US,(478) 322-3620,Sun–Sat7AM–10PM
8899 Hypoluxo Rd,Lake Worth,FL,33467,US,(561) 304-0697,Sun–Sat7AM–10PM
7230 W Atlantic Blvd,Margate,FL,33063,US,(954) 590-4056,Sun–Sat7AM–10PM
11502 N 53rd St,Temple Terrace,FL,33617,US,(813) 914-7252,Sun–Sat7AM–10PM
211 Maharris Dr,Gallatin,TN,37066,US,(615) 989-9989,Sun–Sat7AM–9PM
2155 N Decatur Rd,Decatur,GA,30033,US,(404) 638-6015,Sun–Sat7AM–10PM
9400 Harding Ave,Surfside,FL,33154,US,(305) 865-1263,Sun–Sat7AM–10PM
5370 Campbellton Fairburn Rd,Fairburn,GA,30213,US,(770) 774-3600,Sun–Sat7AM–10PM
14371 Spring Hill Dr,Spring Hill,FL,34609,US,(352) 666-2000,Sun–Sat7AM–10PM
8080 Wells St,Senoia,GA,30276,US,(770) 599-3311,Sun–Sat7AM–10PM
3045 Panola Rd,Stonecrest,GA,30038,US,(770) 322-1890,Sun–Sat7AM–10PM
2158 Highway 20 W,McDonough,GA,30253,US,(770) 898-6650,Sun–Sat7AM–10PM
13700 W State Road 84,Davie,FL,33325,US,(954) 472-0018,Sun–Sat7AM–10PM
3479 Hwy 81 E,McDonough,GA,30252,US,(770) 305-9357,Sun–Sat7AM–10PM
5451 Bowman Rd,Macon,GA,31210,US,(478) 474-3064,Sun–Sat7AM–10PM
5940 Plank Rd,Fredericksburg,VA,22407,US,(540) 736-6013,Sun–Sat7AM–9PM
2816 Washington Rd,Augusta,GA,30909,US,(706) 731-5200,Sun–Sat7AM–10PM
10128 Two Notch Rd,Columbia,SC,29223,US,(803) 788-9484,Sun–Sat7AM–9PM
417 John Henry Way,Madison,AL,35757,US,(256) 325-0540,Sun–Sat7AM–10PM
5500 Military Trl Ste 25,Jupiter,FL,33458,US,(561) 799-3181,Sun–Sat7AM–10PM
1585 Central Ave Unit A,Summerville,SC,29483,US,(843) 832-4017,Sun–Sat7AM–10PM
730 Hopewell Dr,Charleston,SC,29492,US,(843) 856-5193,Sun–Sat7AM–9PM
76010 William Burgess Blvd,Yulee,FL,32097,US,(904) 875-6184,Sun–Sat7AM–10PM
1075 Oakleaf Plantation Pkwy Ste 200,Orange Park,FL,32065,US,(904) 291-5108,Sun–Sat7AM–10PM
4320 Deerwood Lake Pkwy,Jacksonville,FL,32216,US,(904) 620-0599,Sun–Sat7AM–10PM
24 Publix Dr,Clayton,NC,27527,US,(919) 550-2812,Sun–Sat7AM–10PM
2575 SW 42nd St Ste 100,Ocala,FL,34471,US,(352) 237-7186,Sun–Sat7AM–10PM
5958 Snow Hill Rd Ste 168,Ooltewah,TN,37363,US,(423) 238-1032,Sun–Sat7AM–10PM
1601 Promenade Blvd,Weston,FL,33326,US,(954) 660-0322,Sun–Sat7AM–10PM
225 S Flamingo Rd,Plantation,FL,33325,US,(954) 472-5110,Sun–Sat7AM–10PM
250 Palm Coast Pkwy NE Unit 1000,Palm Coast,FL,32137,US,(386) 597-4776,Sun–Sat7AM–10PM
13556 Hwy 69 N,Northport,AL,35475,US,(205) 330-7653,Sun–Sat7AM–10PM
4365 Commercial Way,Spring Hill,FL,34606,US,(352) 597-8500,Sun7AM–9PMMon–Sat7AM–10PM
1635 Old Highway 41 NW,Kennesaw,GA,30152,US,(770) 426-5299,Sun–Sat7AM–10PM
2135 Everglades Ln,The Villages,FL,32163,US,(352) 461-5096,Sun–Sat7AM–9PM
11000 Pembroke Rd,Miramar,FL,33025,US,(954) 441-7918,Sun–Sat7AM–10PM
4045 Atlanta Hwy,Montgomery,AL,36109,US,(334) 260-7782,Sun–Sat7AM–10PM
1346 Seven Springs Blvd,New Port Richey,FL,34655,US,(727) 372-7400,Sun–Sat7AM–10PM
2250 John Rolfe Pkwy,Henrico,VA,23233,US,(804) 360-4920,Sun–Sat7AM–9PM
2015 Huguenot Rd,North Chesterfield,VA,23235,US,(804) 330-3704,Sun–Sat7AM–9PM
35439 US 19 N,Palm Harbor,FL,34684,US,(727) 771-0892,Sun–Sat7AM–10PM
4401 Shallowford Rd,Roswell,GA,30075,US,(770) 640-6200,Sun–Sat7AM–9PM
220 N Nova Rd,Ormond Beach,FL,32174,US,(386) 672-5724,Sun–Sat7AM–10PM
2595 N Atlantic Ave,Daytona Beach,FL,32118,US,(386) 677-3098,Sun–Sat7AM–10PM
1258 Ocean Shore Blvd,Ormond Beach,FL,32176,US,(386) 441-9839,Sun–Sat7AM–10PM
9951 W Flagler St,Miami,FL,33174,US,(305) 207-2329,Sun–Sat7AM–10PM
3825 E Bay Dr,Largo,FL,33771,US,(727) 538-8630,Sun–Sat7AM–10PM
10015 N Dale Mabry Hwy,Tampa,FL,33618,US,(813) 961-0075,Sun–Sat7AM–10PM
4425 E Fletcher Ave,Tampa,FL,33613,US,(813) 631-1269,Sun–Sat7AM–10PM
14601 S Dixie Hwy,Palmetto Bay,FL,33176,US,(305) 255-8005,Sun–Sat7AM–10PM
857 W Bay Dr,Largo,FL,33770,US,(727) 518-7747,Sun–Sat7AM–10PM
1660 Old Monrovia Rd NW,Huntsville,AL,35806,US,(256) 430-5443,Sun–Sat7AM–10PM
5371 Ehrlich Rd,Tampa,FL,33625,US,(813) 265-2372,Sun–Sat7AM–10PM
1951 S Narcoossee Rd,Saint Cloud,FL,34771,US,(407) 892-0595,Sun–Sat7AM–10PM
2765 NC Hwy 210 E,Hampstead,NC,28443,US,(910) 329-1000,Sun–Sat7AM–9PM
7076 Atlanta Hwy,Montgomery,AL,36117,US,(334) 290-4501,Sun–Sat7AM–10PM
11525 Carmel Commons Blvd,Charlotte,NC,28226,US,(704) 496-5209,Sun–Sat7AM–10PM
3821 S Nova Rd,Port Orange,FL,32127,US,(386) 788-2220,Sun7AM–9PMMon–Sat7AM–10PM
3610 US Highway 27 N,Sebring,FL,33870,US,(863) 385-2025,Sun–Sat7AM–10PM
5240 W State Road 46,Sanford,FL,32771,US,(407) 321-0423,Sun–Sat7AM–10PM
2001 Marlin Dr Unit 100,Jacksonville,NC,28546,US,(910) 353-0433,Sun–Sat7AM–10PM
4791 Estero Blvd,Fort Myers Beach,FL,33931,US,(239) 463-0378,Sun–Sat7AM–9PM
175 S Barfield Dr,Marco Island,FL,34145,US,(239) 394-1086,Sun–Sat7AM–10PM
3649 Flakes Mill Rd,Decatur,GA,30034,US,(770) 322-2380,Sun–Sat7AM–10PM
7999 Dr Martin Luther King Jr St N,Saint Petersburg,FL,33702,US,(727) 578-2833,Sun–Sat7AM–10PM
7745 Lake Worth Rd,Lake Worth,FL,33467,US,(561) 969-3880,Sun–Sat7AM–10PM
5970 S Jog Rd,Lake Worth,FL,33467,US,(561) 649-7409,Sun–Sat7AM–10PM
2215 Ohio Ave N,Live Oak,FL,32064,US,(386) 339-6378,Sun7AM–9PMMon–Sat7AM–10PM
4966 Le Chalet Blvd,Boynton Beach,FL,33436,US,(561) 413-6665,Sun–Sat7AM–10PM
33 Robert Smalls Pkwy,Beaufort,SC,29906,US,(843) 470-1231,Sun–Sat7AM–10PM
4900 Atlanta Hwy,Alpharetta,GA,30004,US,(770) 754-4321,Sun–Sat7AM–10PM
4108 Hamilton Mill Rd,Buford,GA,30519,US,(770) 831-1054,Sun–Sat7AM–10PM
11600 W Sample Rd,Coral Springs,FL,33065,US,(954) 509-5288,Sun–Sat7AM–10PM
3740 W Hillsboro Blvd,Deerfield Beach,FL,33442,US,(954) 481-2266,Sun–Sat7AM–10PM
6270 W Sample Rd,Coral Springs,FL,33067,US,(954) 344-5560,Sun–Sat7AM–10PM
5408 Summerville Rd Ste 200,Phenix City,AL,36867,US,(334) 291-8525,Sun–Sat7AM–10PM
294 Indian Trace,Weston,FL,33326,US,(954) 384-4190,Sun–Sat7AM–10PM
4849 Coconut Creek Pkwy,Coconut Creek,FL,33063,US,(954) 975-2490,Sun–Sat7AM–10PM
1125 Park West Blvd,Mount Pleasant,SC,29466,US,(843) 388-2263,Sun–Sat7AM–10PM
10065 Cleary Blvd,Plantation,FL,33324,US,(954) 424-3084,Sun–Sat7AM–10PM
674 150th Ave,Madeira Beach,FL,33708,US,(727) 393-5831,Sun–Sat7AM–10PM
550 N Pine Island Rd,Plantation,FL,33324,US,(954) 475-5285,Sun–Sat7AM–10PM
2415 Moores Mill Rd,Auburn,AL,36830,US,(334) 502-8667,Sun–Sat7AM–9PM
4181 E State Rd 46,Sanford,FL,32771,US,(407) 430-4035,Sun–Sat7AM–10PM
2969 N Druid Hills Rd NE,Atlanta,GA,30329,US,(404) 638-6022,Sun–Sat7AM–10PM
243 Bayshore Blvd,Tampa,FL,33606,US,(813) 251-1173,Sun–Sat7AM–10PM
1640 Publix Way,Stafford,VA,22554,US,(540) 288-9280,Sun–Sat7AM–10PM
5997 Stirling Rd,Davie,FL,33314,US,(954) 581-4393,Sun–Sat7AM–10PM
7340 Kathleen Rd,Lakeland,FL,33810,US,(863) 816-0379,Sun–Sat7AM–10PM
1290 W 68th St,Hialeah,FL,33014,US,(305) 820-8885,Sun–Sat7AM–10PM
2175 Sembler Dr,Odessa,FL,33556,US,(813) 926-3660,Sun–Sat7AM–9PM
200 37th Ave N,Saint Petersburg,FL,33704,US,(727) 895-1670,Sun–Sat7AM–10PM
12800 Biscayne Blvd,North Miami,FL,33181,US,(305) 893-6781,Sun–Sat7AM–10PM
725 1st Ave S,Saint Petersburg,FL,33701,US,(727) 822-1053,Sun–Sat7AM–10PM
2424 Sand Mine Rd,Davenport,FL,33897,US,(863) 420-6455,Sun–Sat7AM–10PM
1500 SW 57th Ave,West Miami,FL,33144,US,(305) 265-8019,Sun–Sat7AM–10PM
11750 SW 104th St,Miami,FL,33176,US,(305) 274-1922,Sun–Sat7AM–10PM
1045 Dade Blvd,Miami Beach,FL,33139,US,(305) 534-4621,Sun–Sat7AM–10PM
18485 S Dixie Hwy,Cutler Bay,FL,33157,US,(305) 235-9684,Sun–Sat7AM–10PM
879 Dawsonville Hwy,Gainesville,GA,30501,US,(770) 534-1350,Sun–Sat7AM–10PM
2159 Highway 20 SE,Conyers,GA,30013,US,(770) 785-6202,Sun–Sat7AM–10PM
7600 Schomburg Rd,Columbus,GA,31909,US,(706) 565-3260,Sun–Sat7AM–10PM
401 Gainesville Hwy,Winder,GA,30680,US,(470) 429-6015,Sun–Sat7AM–10PM
5581 Thomaston Rd,Macon,GA,31220,US,(478) 474-4918,Sun–Sat7AM–10PM
2775 N Columbia St,Milledgeville,GA,31061,US,(478) 223-5015,Sun–Sat7AM–10PM
4739 Highway 90,Pace,FL,32571,US,(850) 994-4816,Sun–Sat7AM–10PM
8684 Beulah Rd,Pensacola,FL,32526,US,(850) 944-8833,Sun–Sat7AM–10PM
800 Ocala Rd,Tallahassee,FL,32304,US,(850) 575-3929,Sun–Sat7AM–10PM
4840 S Tamiami Trl,Sarasota,FL,34231,US,(941) 923-1129,Sun–Sat7AM–9PM
1880 US Hwy 1 S,Rockledge,FL,32955,US,(321) 631-3480,Sun–Sat7AM–9PM
1329 S Peterson Ave,Douglas,GA,31533,US,(912) 493-6058,Sun–Sat7AM–10PM
1024 Highway A1A Ste 120,Satellite Beach,FL,32937,US,(321) 773-0836,Sun–Sat7AM–10PM
400 E McBee Ave Ste 100,Greenville,SC,29601,US,(864) 240-2015,Sun–Sat7AM–10PM
3830 S Highway A1A,Melbourne Beach,FL,32951,US,(321) 725-3305,Sun–Sat7AM–9PM
5998 Mobile Hwy,Pensacola,FL,32526,US,(850) 941-8101,Sun–Sat7AM–10PM
160 Cotton Creek Dr Ste 100,Gulf Shores,AL,36542,US,(251) 948-1281,Sun–Sat7AM–10PM
13390 Perdido Key Dr,Pensacola,FL,32507,US,(850) 492-5090,Sun–Sat6:30AM–10PM
1720 E Silver Star Rd,Ocoee,FL,34761,US,(407) 522-1808,Sun–Sat7AM–10PM
111 W Butler Rd,Mauldin,SC,29662,US,(864) 987-1601,Sun–Sat7AM–9PM
4402 Curry Ford Rd,Orlando,FL,32812,US,(407) 282-7997,Sun–Sat7AM–10PM
5781 Lee Blvd,Lehigh Acres,FL,33971,US,(239) 226-9701,Sun–Sat7AM–10PM
1520 John Sims Pkwy E,Niceville,FL,32578,US,(850) 678-3002,Sun–Sat7AM–10PM
1430 Tiger Park Ln,Gulf Breeze,FL,32563,US,(850) 932-5194,Sun–Sat7AM–10PM
13650 Fiddlesticks Blvd,Fort Myers,FL,33912,US,(239) 768-1710,Sun–Sat7AM–10PM
1905 E Main St,Spartanburg,SC,29307,US,(864) 253-1820,Sun–Sat7AM–9PM
110 Watercolor Way,Santa Rosa Beach,FL,32459,US,(850) 534-4565,Sun–Sat7AM–10PM
650 W 23rd St,Panama City,FL,32405,US,(850) 747-9780,Sun–Sat7AM–9PM
1235 Chapin Rd,Chapin,SC,29036,US,(803) 345-7536,Sun–Sat7AM–10PM
5678 Capital Cir NW,Tallahassee,FL,32303,US,(850) 562-0088,Sun–Sat7AM–10PM
513 Brentwood Rd,Denver,NC,28037,US,(704) 483-7152,Sun–Sat7AM–9PM
26841 S Tamiami Trl,Bonita Springs,FL,34134,US,(239) 992-0105,Sun–Sat7AM–10PM
8462 Bannerman Blvd,Tallahassee,FL,32312,US,(448) 206-6622,Sun–Sat7AM–10PM
1735 Heckle Blvd,Rock Hill,SC,29732,US,(803) 372-6364,Sun–Sat7AM–9PM
2186 Cherry Rd Ste 101,Rock Hill,SC,29732,US,(803) 366-7500,Sun–Sat7AM–10PM
788 SE Becker Rd,Port Saint Lucie,FL,34984,US,(772) 336-3182,Sun7AM–9PMMon–Sat7AM–10PM
1395 SW Martin Hwy,Palm City,FL,34990,US,(772) 232-4056,Sun–Sat7AM–10PM
8315 Magnolia Estates Dr,Cornelius,NC,28031,US,(704) 895-7057,Sun–Sat7AM–9PM
8120 S Tryon St,Charlotte,NC,28273,US,(704) 583-2323,Sun–Sat7AM–10PM
900 NE Ocean Blvd,Stuart,FL,34996,US,(772) 334-0578,Sun–Sat7AM–9PM
2111 NE Capital Circle,Tallahassee,FL,32308,US,(850) 523-9851,Sun–Sat7AM–10PM
12900 Trade Way Four,Bonita Springs,FL,34135,US,(239) 992-2159,Sun–Sat7AM–10PM
100 Old Cherokee Rd,Lexington,SC,29072,US,(803) 951-3999,Sun–Sat7AM–10PM
6615 Mahan Dr,Tallahassee,FL,32308,US,(850) 878-4899,Sun–Sat7AM–10PM
8301 Champions Gate Blvd,Champions Gate,FL,33896,US,(407) 390-1315,Sun–Sat7AM–10PM
3122 Mahan Dr,Tallahassee,FL,32308,US,(850) 402-0141,Sun–Sat7AM–10PM
15010 Village Crossing Rd,Huntersville,NC,28078,US,(704) 977-0021,Sun–Sat7AM–9PM
5032 Capital Cir SW Ste 1,Tallahassee,FL,32305,US,(850) 878-1133,Sun–Sat7AM–10PM
2381 W State Road 434,Longwood,FL,32779,US,(407) 865-9847,Sun–Sat7AM–10PM
8360 Charlotte Hwy,Indian Land,SC,29707,US,(803) 548-9000,Sun–Fri7AM–9PMSat7AM–4PM
1615 Providence Rd S,Marvin,NC,28173,US,(704) 843-0119,Sun–Fri7AM–9PMSat7AM–4PM
1741 Gornto Rd,Valdosta,GA,31601,US,(229) 242-2409,Sun–Sat7AM–10PM
1302 N Main St,Gainesville,FL,32601,US,(352) 375-2919,Sun7AM–9PMMon–Sat7AM–10PM
3150 Gammon Ln,Clemmons,NC,27012,US,(336) 766-2069,Sun–Sat7AM–9PM
75 Irondale Rd Ste 100,Jacksonville,FL,32081,US,(904) 815-6238,Sun–Sat7AM–10PM
847 Boll Weevil Cir Ste 112,Enterprise,AL,36330,US,(334) 348-1489,Sun–Sat7AM–10PM
7936 Ga Highway 21,Port Wentworth,GA,31407,US,(912) 966-5890,Sun–Sat7AM–10PM
5132 Old Charlotte Hwy,Monroe,NC,28110,US,(704) 289-6598,Sun–Sat7AM–9PM
4240 53rd Ave E,Bradenton,FL,34203,US,(941) 758-4093,Sun–Sat7AM–10PM
101 Blue Moon Crossing,Pooler,GA,31322,US,(912) 450-1070,Sun–Sat7AM–10PM
136 Sapwood Rd,Myrtle Beach,SC,29579,US,(843) 903-2807,Sun–Sat7AM–9PM
112 Nickle Plate Rd,Hardeeville,SC,29927,US,(843) 208-3600,Sun–Sat7AM–9PM
4717 Hwy 80 E Ste B,Savannah,GA,31410,US,(912) 897-8111,Sun–Sat7AM–10PM
61 Ladys Island Dr,Beaufort,SC,29907,US,(843) 770-0026,Sun–Sat7AM–10PM
2750 S Church St,Burlington,NC,27215,US,(336) 586-1873,Sun–Sat7AM–10PM
1575 Old Trolley Rd,Summerville,SC,29485,US,(843) 832-0456,Sun–Sat7AM–10PM
1724 State Rd,Summerville,SC,29486,US,(843) 761-3750,Sun–Sat7AM–10PM
1601 Ga Highway 40 E,Kingsland,GA,31548,US,(912) 729-7878,Sun–Sat7AM–9PM
10 Westedge St Ste 100,Charleston,SC,29403,US,(843) 720-7000,Sun–Sat7AM–10PM
2042 State Rd 19,Tavares,FL,32778,US,(352) 742-2439,Sun–Sat7AM–9PM
463855 State Road 200,Yulee,FL,32097,US,(904) 261-2400,Sun–Sat7AM–10PM
1435 Ben Sawyer Blvd,Mount Pleasant,SC,29464,US,(843) 856-3018,Sun–Sat7AM–9PM
1100 Dunn Ave Bldg 100,Jacksonville,FL,32218,US,(904) 751-1445,Sun–Sat7AM–10PM
12541 Yellow Bluff Rd,Jacksonville,FL,32226,US,(904) 757-1304,Sun–Sat7AM–10PM
1441 Kelly Rd,Apex,NC,27502,US,(919) 303-6200,Sun–Sat7AM–10PM
9200 NW 39th Ave,Gainesville,FL,32606,US,(352) 375-1285,Sun–Sat7AM–10PM
5200 NW 43rd St Ste 401,Gainesville,FL,32606,US,(352) 375-5310,Sun–Sat7AM–10PM
4115 NW 16th Blvd,Gainesville,FL,32605,US,(352) 336-1488,Sun–Sat7AM–10PM
6001 Argyle Forest Blvd Ste 45,Jacksonville,FL,32244,US,(904) 908-5906,Sun–Sat7AM–10PM
3315 W University Ave,Gainesville,FL,32607,US,(352) 372-4276,Sun–Sat7AM–10PM
410 Blanding Blvd,Orange Park,FL,32073,US,(904) 276-6016,Sun–Sat7AM–10PM
2875 University Blvd W,Jacksonville,FL,32217,US,(904) 419-4807,Sun–Sat7AM–10PM
4840 Forest Dr Ste 10,Columbia,SC,29206,US,(803) 790-4920,Sun–Sat7AM–10PM
847 Highway 378 W,Lexington,SC,29072,US,(803) 996-6160,Sun–Sat7AM–10PM
5645 N Atlantic Ave,Cocoa Beach,FL,32931,US,(321) 783-1014,Sun7AM–9PMMon–Sat7AM–10PM
250 Eastgate Dr,Aiken,SC,29803,US,(803) 643-7970,Sun–Sat7AM–9PM
2875 State Rd 16,Saint Augustine,FL,32092,US,(904) 815-6214,Sun–Sat7AM–10PM
11656 Parkside Dr,Knoxville,TN,37934,US,(865) 675-3018,Sun–Sat7AM–9PM
1720 E Highway 50,Clermont,FL,34711,US,(352) 241-6177,Sun–Sat7AM–10PM
870 Village Oak Ln,Lake Mary,FL,32746,US,(407) 804-1950,Sun–Sat7AM–10PM
1700 34th St N,Saint Petersburg,FL,33713,US,(727) 327-3039,Sun–Sat7AM–10PM
301 West Rd,Ocoee,FL,34761,US,(407) 654-1356,Sun–Sat7AM–10PM
111 104th Ave,Treasure Island,FL,33706,US,(727) 363-1042,Sun–Sat7AM–10PM
1220 Kingsway Rd,Brandon,FL,33510,US,(813) 654-7689,Sun–Sat7AM–10PM
2515 Thonotosassa Rd,Plant City,FL,33563,US,(813) 719-6933,Sun–Sat7AM–10PM
2100 Winter Springs Blvd,Oviedo,FL,32765,US,(407) 366-9740,Sun–Sat7AM–10PM
23 Maxwell Ln,Dahlonega,GA,30533,US,(706) 701-6331,Sun–Sat7AM–10PM
2871 Clayton Crossing Way Ste 1001,Oviedo,FL,32765,US,(407) 673-0829,Sun–Sat7AM–10PM
939 W Brandon Blvd,Brandon,FL,33511,US,(813) 684-6562,Sun–Sat7AM–10PM
2970 S Ridgewood Ave,Edgewater,FL,32141,US,(386) 427-6022,Sun–Sat7AM–9PM
3863 US Highway 301 S,Riverview,FL,33578,US,(813) 626-7104,Sun–Sat7AM–10PM
7524 Dr Phillips Blvd,Orlando,FL,32819,US,(407) 226-9882,Sun–Sat7AM–10PM
1500 E Colonial Dr,Orlando,FL,32803,US,(407) 896-8154,Sun–Sat7AM–10PM
1971 E State Road 60,Valrico,FL,33594,US,(813) 657-4041,Sun–Sat7AM–10PM
11109 Winthrop Market St,Riverview,FL,33578,US,(813) 661-3286,Sun–Sat7AM–10PM
7640 W Sand Lake Rd,Orlando,FL,32819,US,(407) 226-3315,Sun–Sat7AM–10PM
2004 S Glenburnie Rd,New Bern,NC,28562,US,(252) 634-1646,Sun–Sat7AM–9PM
2300 Griffin Rd,Lakeland,FL,33810,US,(863) 858-1146,Sun–Sat7AM–10PM
2202 James L Redman Pkwy,Plant City,FL,33563,US,(813) 752-2672,Sun–Sat7AM–10PM
1200 Champions Dr,Davenport,FL,33897,US,(863) 422-0070,Sun–Sat7AM–10PM
11667 Boyette Rd,Riverview,FL,33569,US,(813) 672-4353,Sun–Sat7AM–10PM
9930 Universal Blvd,Orlando,FL,32819,US,(407) 996-8400,Sun–Sat7AM–10PM
5140 County Line Rd,Lakeland,FL,33811,US,(863) 644-1376,Sun–Sat7AM–10PM
11460 S US Highway 301,Riverview,FL,33578,US,(813) 671-9121,Sun–Sat7AM–10PM
6434 N US Highway 41,Apollo Beach,FL,33572,US,(813) 649-1280,Sun–Sat7AM–10PM
1725 Future Way,Kissimmee,FL,34747,US,(321) 939-1258,Sun–Sat7AM–10PM
10250 Curry Ford Rd,Orlando,FL,32825,US,(407) 207-6107,Sun–Sat7AM–10PM
3636 Harden Blvd,Lakeland,FL,33803,US,(863) 400-7873,Sun–Sat7AM–10PM
14323 S US Hwy 301,Wimauma,FL,33598,US,(813) 634-2117,Sun–Sat7AM–10PM
16825 E Colonial Dr,Orlando,FL,32820,US,(407) 568-0858,Sun–Sat7AM–10PM
1921 S Alafaya Trl,Orlando,FL,32828,US,(407) 277-3117,Sun–Sat7AM–10PM
6075 Hwy 17-92 N,Davenport,FL,33896,US,(863) 424-1805,Sun–Sat7AM–10PM
8800 Crew Drive,Emerald Isle,NC,28594,US,(252) 354-2104,Sun–Sat7AM–9PM
5185 US Highway 98 S,Lakeland,FL,33812,US,(863) 644-0386,Sun–Sat7AM–10PM
3400 Avalon Park East Blvd,Orlando,FL,32828,US,(407) 277-1043,Sun–Sat7AM–10PM
9520 Buffalo Rd,Palmetto,FL,34221,US,(941) 722-0693,Sun–Sat7AM–10PM
2125 E County Road 540a,Lakeland,FL,33813,US,(863) 607-4522,Sun–Sat7AM–10PM
3343 S Orange Blossom Trl,Kissimmee,FL,34746,US,(407) 846-1264,Sun–Sat7AM–10PM
7310 Manatee Ave W,Bradenton,FL,34209,US,(941) 792-1213,Sun–Sat7AM–10PM
3913 Manatee Ave W,Bradenton,FL,34205,US,(941) 746-1660,Sun–Sat7AM–10PM
6605 38th Ave N,Saint Petersburg,FL,33710,US,(727) 291-6995,Sun–Sat7AM–10PM
155 Bartram Market Dr Ste 100,Saint Johns,FL,32259,US,(904) 260-6565,Sun–Sat7AM–10PM
36 29th Ave NE,Hickory,NC,28601,US,(828) 322-3675,Sun–Sat7AM–9PM
2321 E Andrew Johnson Hwy,Greeneville,TN,37745,US,(423) 636-1478,Sun–Sat7AM–9PM
3316 Highway 5,Douglasville,GA,30135,US,(770) 920-3460,Sun–Sat7AM–10PM
5534 Peachtree Blvd,Chamblee,GA,30341,US,(770) 457-9835,Sun–Sat7AM–10PM
2010 Johnson Ferry Rd NE,Brookhaven,GA,30319,US,(404) 460-9991,Sun–Sat7AM–10PM
124 Frazier St,Waynesville,NC,28786,US,(828) 454-5700,Sun–Sat7AM–9PM
3839 Pleasant Hill Rd,Kissimmee,FL,34746,US,(407) 343-7575,Sun–Sat7AM–10PM
2656 Parkway,Pigeon Forge,TN,37863,US,(865) 774-2030,Sun–Sat7AM–10PM
884 Cypress Gardens Blvd,Winter Haven,FL,33880,US,(863) 291-0312,Sun–Sat7AM–10PM
5001 E State Road 64,Bradenton,FL,34208,US,(941) 744-0866,Sun–Sat7AM–10PM
12800 Highway 144,Richmond Hill,GA,31324,US,(912) 459-1171,Sun–Sat7AM–10PM
525 Bay Isles Pkwy,Longboat Key,FL,34228,US,(941) 383-1326,Sun–Sat7AM–9PM
1044 N Tamiami Trl,Sarasota,FL,34236,US,(941) 366-3270,Sun–Sat7AM–9PM
3825 S Osprey Ave,Sarasota,FL,34239,US,(941) 316-0616,Sun–Sat7AM–10PM
1350 S. Tamiami Trail,Osprey,FL,34229,US,(941) 918-2647,Sun–Sat7AM–9PM
2200 General Booth Blvd,Virginia Beach,VA,23454,US,(757) 716-6015,Sun–Sat7AM–9PM
2438 Laurel Rd E,North Venice,FL,34275,US,(941) 484-8426,Sun–Sat7AM–10PM
1445 E Venice Ave,Venice,FL,34292,US,(941) 480-0779,Sun–Sat7AM–10PM
4173 S Tamiami Trl,Venice,FL,34293,US,(941) 492-9761,Sun–Sat7AM–10PM
55 N Indiana Ave,Englewood,FL,34223,US,(941) 473-5441,Sun–Sat7AM–10PM
700 N Miramar Ave,Indialantic,FL,32903,US,(321) 953-6709,Sun–Sat7AM–10PM
2551 SE Hwy 70,Arcadia,FL,34266,US,(863) 494-0999,Sun–Sat7AM–10PM
4265 Tamiami Trl,Port Charlotte,FL,33980,US,(941) 629-1100,Sun–Sat7AM–10PM
8725 Placida Rd,Placida,FL,33946,US,(941) 698-1699,Sun–Sat7AM–9PM
4065 Hancock Bridge Pkwy,North Fort Myers,FL,33903,US,(239) 997-0212,Sun–Sat7AM–10PM
415 21st St,Vero Beach,FL,32960,US,(772) 562-0391,Sun–Sat7AM–10PM
2160 McGregor Blvd,Fort Myers,FL,33901,US,(239) 332-2403,Sun–Sat7AM–10PM
11851 Palm Beach Blvd,Fort Myers,FL,33905,US,(239) 690-9565,Sun–Sat7AM–10PM
810 S US Highway 1,Vero Beach,FL,32962,US,(772) 778-9600,Sun–Sat7AM–10PM
5997 S Pointe Blvd Ste 106,Fort Myers,FL,33919,US,(239) 415-1515,Sun–Sat7AM–10PM
4600 Summerlin Rd,Fort Myers,FL,33919,US,(239) 939-1771,Sun–Sat7AM–10PM
6900 Daniels Pkwy Ste 19,Fort Myers,FL,33912,US,(239) 768-2101,Sun–Sat7AM–10PM
13121 Paul J Doherty Pkwy,Fort Myers,FL,33913,US,(239) 561-2224,Sun–Sat7AM–10PM
1101 Southview Ln,Tuscaloosa,AL,35405,US,(205) 247-7710,Sun–Sat7AM–10PM
1324 Homestead Rd N,Lehigh Acres,FL,33936,US,(239) 368-2241,Sun–Sat7AM–10PM
24600 S Tamiami Trl Ste 300,Bonita Springs,FL,34134,US,(239) 948-1164,Sun–Sat7AM–9PM
7576 S US Highway 1,Port Saint Lucie,FL,34952,US,(772) 336-3833,Sun7AM–9PMMon–Sat7AM–10PM
4231 NW Federal Hwy,Jensen Beach,FL,34957,US,(772) 692-7090,Sun–Sat7AM–10PM
15265 Collier Blvd,Naples,FL,34119,US,(239) 348-2931,Sun–Sat7AM–10PM
2310 Pine Ridge Rd,Naples,FL,34109,US,(239) 435-0387,Sun–Sat7AM–10PM
5991 Pine Ridge Rd,Naples,FL,34119,US,(239) 352-2200,Sun–Sat7AM–10PM
2370 Hillcrest Rd Unit J,Mobile,AL,36695,US,(251) 661-5361,Sun–Sat7AM–9PM
3540 SE Federal Hwy,Stuart,FL,34997,US,(772) 463-5950,Sun–Sat7AM–10PM
4370 Thomasson Dr,Naples,FL,34112,US,(239) 774-1072,Sun–Sat7AM–10PM
6550 S Kanner Hwy,Stuart,FL,34997,US,(772) 221-8135,Sun–Sat7AM–10PM
8605 SE Federal Hwy,Hobe Sound,FL,33455,US,(772) 545-2076,Sun–Sat7AM–9PM
9913 Foley-Beach Express,Foley,AL,36535,US,(251) 240-3043,Sun–Sat7AM–9PM
14185 Lake Nona Blvd,Orlando,FL,32824,US,(407) 816-8064,Sun–Sat7AM–10PM
6251 P G A Blvd,Palm Beach Gardens,FL,33418,US,(561) 622-1764,Sun–Sat7AM–10PM
27955 US Highway 98 Ste 1,Daphne,AL,36526,US,(251) 626-1305,Sun–Sat7AM–9PM
3171 S Orange Ave,Orlando,FL,32806,US,(407) 888-2366,Sun–Sat7AM–10PM
39883 Highway 27,Davenport,FL,33837,US,(863) 421-9157,Sun–Sat7AM–10PM
2435 S Hiawassee Rd,Orlando,FL,32835,US,(407) 867-3722,Sun–Sat7AM–10PM
5655 Red Bug Lake Rd,Winter Springs,FL,32708,US,(407) 695-0922,Sun–Sat7AM–10PM
1160 E State Road 434,Winter Springs,FL,32708,US,(407) 327-9725,Sun–Sat7AM–10PM
5380 Stadium Pkwy Ste 100,Rockledge,FL,32955,US,(321) 433-0936,Sun–Sat7AM–10PM
601 Weldon Blvd,Lake Mary,FL,32746,US,(407) 321-7616,Sun–Sat7AM–10PM
7325 N US Highway 1,Cocoa,FL,32927,US,(321) 635-8560,Sun7AM–9PMMon–Sat7AM–10PM
5375 N Socrum Loop Rd,Lakeland,FL,33809,US,(863) 816-0246,Sun–Sat7AM–10PM
501 Chelsea Xrds,Chelsea,AL,35043,US,(205) 678-5600,Sun–Sat7AM–9PM
3275 Garden St,Titusville,FL,32796,US,(321) 264-9263,Sun–Sat7AM–10PM
6767 US Highway 98 N,Lakeland,FL,33809,US,(863) 858-6861,Sun–Sat7AM–10PM
410 Doug Baker Blvd,Hoover,AL,35242,US,(205) 981-7415,Sun–Sat7AM–9PM
6219 Tattersall Blvd,Hoover,AL,35242,US,(205) 981-3995,Sun–Sat7AM–9PM
2515 S Florida Ave,Lakeland,FL,33803,US,(863) 683-9860,Sun–Sat7AM–10PM
3201 Endeavor Ln,Vestavia Hills,AL,35242,US,(205) 967-5998,Sun–Sat7AM–9PM
3040 Healthy Way,Vestavia Hills,AL,35243,US,(205) 970-7501,Sun–Sat7AM–10PM
4747 S Florida Ave Ste 110,Lakeland,FL,33813,US,(863) 413-0730,Sun–Sat7AM–10PM
784 Montgomery Hwy,Vestavia Hills,AL,35216,US,(205) 824-6005,Sun–Sat7AM–9PM
24420 State Rd 44,Eustis,FL,32736,US,(352) 357-2024,Sun–Sat7AM–9PM
411 Green Springs Hwy,Homewood,AL,35209,US,(205) 944-1101,Sun–Sat7AM–10PM
2840 David Walker Dr,Eustis,FL,32726,US,(352) 357-6948,Sun–Sat7AM–9PM
125 Jenkins St,Saint Augustine,FL,32086,US,(904) 808-0514,Sun–Sat7AM–10PM
102 Hwy 60 E,Lake Wales,FL,33853,US,(863) 676-0511,Sun–Sat7AM–10PM
4851 Rice Mine Rd NE Ste 200,Tuscaloosa,AL,35406,US,(205) 247-7666,Sun–Sat7AM–10PM
1033 A1A Beach Blvd,Saint Augustine,FL,32080,US,(904) 815-6242,Sun–Sat7AM–10PM
450 State Road 13 N Ste 109,Saint Johns,FL,32259,US,(904) 230-3201,Sun–Sat7AM–10PM
250 Pine Lake Dr,Ponte Vedra,FL,32081,US,(904) 826-3356,Sun–Sat7AM–9PM
9964 Old Baymeadows Rd,Jacksonville,FL,32256,US,(904) 380-8551,Sun–Sat7AM–10PM
1952 Stockton Way,Lexington,KY,40511,US,(859) 286-8293,Sun–Sat7AM–10PM
6543 S Tamiami Trl,Sarasota,FL,34231,US,(941) 922-7644,Sun–Sat7AM–10PM
101 Buckwalter Place Blvd,Bluffton,SC,29910,US,(843) 815-6430,Sun–Sat7AM–10PM
13170 Atlantic Blvd Ste 29,Jacksonville,FL,32225,US,(904) 380-4404,Sun–Sat7AM–10PM
7325 University Pkwy,Lakewood Ranch,FL,34202,US,(941) 355-8803,Sun–Sat7AM–10PM
7290 55th Ave E,Bradenton,FL,34203,US,(941) 727-8808,Sun–Sat7AM–9PM
3777 Palm Valley Rd,Ponte Vedra,FL,32082,US,(904) 273-6565,Sun–Sat7AM–9PM
13150 E State Rd 64,Bradenton,FL,34212,US,(941) 744-0640,Sun–Sat7AM–10PM
11250 St Augustine Rd Ste 4,Jacksonville,FL,32257,US,(904) 262-5474,Sun–Sat7AM–10PM
3189 Godwin Blvd,Suffolk,VA,23434,US,(757) 942-6032,Sun–Sat7AM–9PM
13435 S McCall Rd,Port Charlotte,FL,33981,US,(941) 697-0279,Sun–Sat7AM–10PM
5200 SW 34th St,Gainesville,FL,32608,US,(352) 375-1094,Sun–Sat7AM–10PM
9005 US Highway 301 N,Parrish,FL,34219,US,(941) 776-8084,Sun–Sat7AM–10PM
10500 San Jose Blvd Ste 36,Jacksonville,FL,32257,US,(904) 288-6660,Sun–Sat7AM–10PM
2310 Tamiami Trl Unit 1129,Punta Gorda,FL,33950,US,(941) 575-4740,Sun–Sat7AM–10PM
3030 54th Ave S,Saint Petersburg,FL,33712,US,(727) 864-2030,Sun–Sat7AM–10PM
7064 Waterset Blvd,Apollo Beach,FL,33572,US,(813) 893-6961,Sun–Sat7AM–10PM
1500 Beville Rd Ste 300,Daytona Beach,FL,32114,US,(386) 281-4623,Sun–Sat7AM–10PM
3501 49th St N,Saint Petersburg,FL,33710,US,(727) 520-8101,Sun–Sat7AM–10PM
3015 SW Pine Island Rd,Cape Coral,FL,33991,US,(239) 282-5515,Sun–Sat7AM–10PM
3617 W Gandy Blvd,Tampa,FL,33611,US,(813) 832-1779,Sun–Sat7AM–10PM
17960 N Tamiami Trl,North Fort Myers,FL,33903,US,(239) 543-2203,Sun–Sat7AM–10PM
5642 FishHawk Crossing Blvd,Lithia,FL,33547,US,(813) 655-5646,Sun–Sat7AM–10PM
1660 Taylor Rd,Port Orange,FL,32128,US,(386) 760-7332,Sun–Sat7AM–10PM
3044 S Atlantic Ave,Daytona Beach Shores,FL,32118,US,(386) 788-7773,Sun–Sat7AM–10PM
2020 Fieldstone Pkwy,Franklin,TN,37069,US,(615) 599-1825,Sun–Sat7AM–10PM
7736 Spalding Dr,Norcross,GA,30092,US,(770) 417-5155,Sun–Sat7AM–10PM
14130 W Newberry Rd,Newberry,FL,32669,US,(352) 332-5114,Sun–Sat7AM–10PM
6350 Lake Oconee Pkwy Ste 106,Greensboro,GA,30642,US,(706) 454-7140,Sun–Sat7AM–9PM
4628 Airport Blvd,Mobile,AL,36608,US,(251) 341-5727,Sun–Sat7AM–10PM
10179 Eastern Shore Dr,Spanish Fort,AL,36527,US,(251) 621-9065,Sun–Sat7AM–10PM
1720 Gulf Shores Pkwy Ste 2,Gulf Shores,AL,36542,US,(251) 240-3003,Sun–Sat7AM–10PM
262 S Ocean Blvd,Manalapan,FL,33462,US,(561) 585-6790,Sun–Sat7AM–9PM
6790 Forest Hill Blvd,Greenacres,FL,33413,US,(561) 641-4500,Sun–Sat7AM–10PM
5003 E Oak Island Dr,Oak Island,NC,28465,US,(910) 278-6785,Sun–Sat7AM–9PM
10640 Forest Hill Blvd,Wellington,FL,33414,US,(561) 530-5026,Sun–Sat7AM–10PM
1265 Interstate Dr Ste 111,Cookeville,TN,38501,US,(931) 526-8830,Sun–Sat7AM–9PM
555 NE 5th Ave,Delray Beach,FL,33483,US,(561) 272-9460,Sun–Sat7AM–10PM
15625 Southern Blvd,Loxahatchee Groves,FL,33470,US,(561) 795-5201,Sun–Sat7AM–10PM
2715 Dawson Rd,Albany,GA,31707,US,(229) 431-2880,Sun–Sat7AM–10PM
6029 W Gate City Blvd,Greensboro,NC,27407,US,(336) 894-2591,Sun–Sat7AM–10PM
2450 Vanderbilt Beach Rd,Naples,FL,34109,US,(239) 513-1356,Sun–Sat7AM–10PM
1311 Fork Shoals Rd,Mauldin,SC,29605,US,(864) 248-1125,Sun–Sat7AM–10PM
7320 Broad River Rd,Irmo,SC,29063,US,(803) 407-0127,Sun–Sat7AM–10PM
3942 S Suncoast Blvd,Homosassa,FL,34448,US,(352) 621-0884,Sun–Sat7AM–9PM
24100 W Newberry Rd Ste 10,Newberry,FL,32669,US,(352) 660-6061,Sun–Sat7AM–10PM
20311 Grande Oak Shoppes Blvd,Estero,FL,33928,US,(239) 495-8031,Sun–Sat7AM–10PM
3930 SW Archer Rd,Gainesville,FL,32608,US,(352) 379-7271,Sun–Sat7AM–10PM
3100 SW 35th Blvd,Gainesville,FL,32608,US,(352) 367-4324,Sun–Sat7AM–10PM
11600 Gladiolus Dr,Fort Myers,FL,33908,US,(239) 437-3674,Sun–Sat7AM–10PM
16193 NW US Hwy 441,Alachua,FL,32615,US,(386) 418-3430,Sun–Sat7AM–10PM
1111 Gallatin Ave,Nashville,TN,37206,US,(615) 226-7100,Sun–Sat7AM–10PM
5345 Jefferson Rd,Athens,GA,30606,US,(762) 400-8555,Sun–Sat7AM–10PM
3221 Vineland Rd,Kissimmee,FL,34746,US,(407) 239-1852,Sun–Sat7AM–11PM
1091 Tamiami Trl N,Nokomis,FL,34275,US,(941) 484-2606,Sun–Sat7AM–10PM
841 Cypress Pkwy,Poinciana,FL,34759,US,(321) 697-5487,Sun–Sat7AM–10PM
6031 Cypress Gardens Blvd,Winter Haven,FL,33884,US,(863) 324-1182,Sun–Sat7AM–10PM
3372 Canoe Creek Rd,Saint Cloud,FL,34772,US,(407) 957-8888,Sun–Sat7AM–10PM
2848 US 27 S Ste 107,Sebring,FL,33870,US,(863) 314-8746,Sun–Sat7AM–10PM
606 Havendale Blvd,Auburndale,FL,33823,US,(863) 551-9766,Sun–Sat7AM–10PM
2783 Elkcam Blvd,Deltona,FL,32738,US,(386) 789-1543,Sun–Sat7AM–10PM
2625 Simpson Rd,Kissimmee,FL,34744,US,(407) 962-0219,Sun–Sat7AM–10PM
2338 E Irlo Bronson Memorial Hwy,Kissimmee,FL,34744,US,(407) 846-6141,Sun–Sat7AM–10PM
3972 Town Ctr Blvd,Orlando,FL,32837,US,(407) 850-4351,Sun–Sat7AM–10PM
17445 US Highway 192 Ste 11,Clermont,FL,34714,US,(352) 243-0529,Sun–Sat7AM–10PM
7933 Providence Rd,Charlotte,NC,28277,US,(980) 273-7487,Sun–Sat7AM–10PM
3110 Fincher Farm Rd,Matthews,NC,28105,US,(704) 814-6001,Sun–Sat7AM–10PM
11286 Dowden Rd,Orlando,FL,32832,US,(407) 241-0260,Sun–Sat7AM–10PM
13450 Summerport Village Pkwy,Windermere,FL,34786,US,(407) 905-0199,Sun–Sat7AM–10PM
145 Palm Bay Rd NE Ste 117,West Melbourne,FL,32904,US,(321) 722-0022,Sun7AM–9PMMon–Sat7AM–10PM
409 S Chickasaw Trl,Orlando,FL,32825,US,(407) 277-0635,Sun–Sat7AM–10PM
1501 Meeting Pl,Orlando,FL,32814,US,(407) 897-7363,Sun–Sat7AM–10PM
6700 Bayshore Rd,North Fort Myers,FL,33917,US,(239) 567-1827,Sun–Sat7AM–10PM
1291 S Sumter Blvd,North Port,FL,34287,US,(941) 426-6672,Sun–Sat7AM–10PM
1631 Del Prado Blvd S,Cape Coral,FL,33990,US,(239) 772-3332,Sun–Sat7AM–10PM
127 Cape Coral Pkwy W,Cape Coral,FL,33914,US,(239) 540-0137,Sun–Sat7AM–10PM
5391 Fruitville Rd,Sarasota,FL,34232,US,(941) 377-4405,Sun–Sat7AM–10PM
8330 Market St,Bradenton,FL,34202,US,(941) 907-6600,Sun–Sat7AM–9PM
10115 University Blvd,Orlando,FL,32817,US,(407) 681-0649,Sun–Sat7AM–10PM
2600 Maguire Rd,Ocoee,FL,34761,US,(407) 656-9343,Sun–Sat7AM–10PM
3007 Boulevard,Colonial Heights,VA,23834,US,(804) 520-4520,Sun–Sat7AM–10PM
150 Saint Johns Heritage Pkwy NW Suite 101,Palm Bay,FL,32907,US,(321) 327-6277,Sun–Sat7AM–10PM
8210 Glades Rd,Boca Raton,FL,33434,US,(561) 852-8172,Sun–Sat7AM–10PM
6901 Ray Wright Way,Columbus,GA,31909,US,(706) 358-0289,Sun–Sat7AM–10PM
8132 Veterans Pkwy Bldg 3,Columbus,GA,31909,US,(706) 223-6574,Sun–Sat7AM–10PM
4860 Davis Blvd,Naples,FL,34104,US,(239) 732-7216,Sun–Sat7AM–10PM
2010 Town Center Blvd,Knoxville,TN,37922,US,(865) 470-0720,Sun–Sat7AM–9PM
1001 Ponce De Leon Ave NE,Atlanta,GA,30306,US,(404) 892-9229,Sun–Sat7AM–10PM
10615 Narcoossee Rd,Orlando,FL,32832,US,(407) 277-1089,Sun–Sat7AM–10PM
1025 Veterans Memorial Hwy SE Ste 400,Mableton,GA,30126,US,(678) 398-3651,Sun–Sat7AM–10PM
1100 Hammond Dr Ste 300,Sandy Springs,GA,30328,US,(678) 443-2100,Sun–Sat6:30AM–10PM
11406 San Jose Blvd,Jacksonville,FL,32223,US,(904) 262-5258,Sun–Sat7AM–10PM
12681 Miramar Pkwy,Miramar,FL,33027,US,(954) 602-5242,Sun–Sat7AM–10PM
11025 eTown Pkwy Unit 100,Jacksonville,FL,32256,US,(904) 944-8971,Sun–Sat7AM–10PM
138 S Gay St,Auburn,AL,36830,US,(334) 502-3616,Sun–Sat7AM–9PM
1150 Malabar Rd SE Ste 120,Palm Bay,FL,32907,US,(321) 727-3654,Sun–Sat7AM–10PM
1544 Piedmont Ave NE,Atlanta,GA,30324,US,(404) 898-1850,Sun–Sat7AM–10PM
1411 S Babcock St,Melbourne,FL,32901,US,(321) 727-8085,Sun–Sat7AM–9PM
1425 Market Blvd Ste 600,Roswell,GA,30076,US,(770) 640-6035,Sun–Sat7AM–10PM
14444 Beach Blvd Ste 6,Jacksonville,FL,32250,US,(904) 223-0286,Sun–Sat7AM–10PM
162 Seven Farms Dr Ste 100,Charleston,SC,29492,US,(843) 388-1180,Sun–Sat7AM–9PM
18341 Pines Blvd,Pembroke Pines,FL,33029,US,(954) 430-6100,Sun–Sat7AM–10PM
1750 Powder Springs Rd SW,Marietta,GA,30064,US,(770) 423-4160,Sun–Sat7AM–10PM
1860 Sandy Plains Rd,Marietta,GA,30066,US,(770) 509-3991,Sun–Sat7AM–10PM
18995 Biscayne Blvd,Aventura,FL,33180,US,(305) 931-3761,Sun–Sat7AM–10PM
2067 N Atlantic Ave,Cocoa Beach,FL,32931,US,(321) 783-3214,Sun–Sat7AM–10PM
2039 Hendricks Ave Ste 325,Jacksonville,FL,32207,US,(904) 380-4445,Sun–Sat7AM–10PM
2033 Riverside Ave,Jacksonville,FL,32204,US,(904) 381-8610,Sun–Sat7AM–10PM
220 Front Street,Ponte Vedra Beach,FL,32082,US,(904) 280-5440,Sun–Sat7AM–10PM
2261 W New Haven Ave,West Melbourne,FL,32904,US,(321) 676-0115,Sun–Sat7AM–10PM
2295 Aloma Ave,Winter Park,FL,32792,US,(407) 671-3403,Sun–Sat7AM–10PM
2301 State Road 524 Ste 150,Cocoa,FL,32926,US,(321) 636-2583,Sun–Sat7AM–10PM
2451 Cumberland Pkwy SE,Atlanta,GA,30339,US,(770) 437-7000,Sun–Sat7AM–10PM
2335 N Orange Blossom Trl,Orlando,FL,32804,US,(689) 206-8880,Sun–Sat7AM–10PM
2500 Dallas Hwy SW Ste 300,Marietta,GA,30064,US,(770) 426-3250,Sun–Sat7AM–10PM
270 Rucker Rd,Alpharetta,GA,30004,US,(770) 360-5591,Sun–Sat7AM–10PM
3330 Piedmont Rd NE Ste 16,Atlanta,GA,30305,US,(470) 945-8948,Sun–Sat7AM–11PM
3820 Murrell Rd,Rockledge,FL,32955,US,(321) 636-0282,Sun–Sat7AM–10PM
50 Barrett Pkwy Ste 1000,Marietta,GA,30066,US,(770) 419-4043,Sun–Sat7AM–10PM
408 Beach Blvd Ste 100,Jacksonville Beach,FL,32250,US,(904) 249-1072,Sun–Sat7AM–10PM
4300 Chapel Hill Rd,Douglasville,GA,30135,US,(770) 577-5133,Sun–Sat7AM–10PM
421 Mary Esther Cut Off NW,Fort Walton Beach,FL,32548,US,(850) 301-0033,Sun–Sat7AM–10PM
4195 W Lake Mary Blvd,Lake Mary,FL,32746,US,(407) 328-3055,Sun–Sat7AM–10PM
4730 S Florida Ave,Lakeland,FL,33813,US,(863) 646-8537,Sun–Sat7AM–10PM
4290 Bells Ferry Rd NW,Kennesaw,GA,30144,US,(770) 516-3883,Sun–Sat7AM–10PM
4430 Wade Green Rd NW Ste 100,Kennesaw,GA,30144,US,(770) 419-4030,Sun–Sat7AM–10PM
443 W CR 419 Ste 1001,Oviedo,FL,32766,US,(407) 366-4727,Sun–Sat7AM–10PM
4750 Alabama Rd NE Ste 107,Roswell,GA,30075,US,(770) 645-0144,Sun–Sat7AM–10PM
9621 N US Highway 1,Sebastian,FL,32958,US,(772) 581-5755,Sun7AM–9PMMon–Sat7AM–10PM
4501 Hoffner Ave,Orlando,FL,32812,US,(407) 850-1018,Sun–Sat7AM–10PM
16024 Pines Blvd #101,Pembroke Pines,FL,33027,US,(954) 432-1075,Sun–Sat7AM–10PM
4711 Babcock St NE,Palm Bay,FL,32905,US,(321) 724-4724,Sun7AM–9PMMon–Sat7AM–10PM
5000 US Highway 17 Ste 11,Fleming Island,FL,32003,US,(904) 269-3600,Sun–Sat7AM–10PM
5265 S John Young Pkwy,Orlando,FL,32839,US,(407) 816-8335,Sun–Sat7AM–10PM
595 Piedmont Ave NE,Atlanta,GA,30308,US,(404) 881-1750,Sun–Sat7AM–10PM
6236 Holly Springs Pkwy,Woodstock,GA,30188,US,(770) 928-5530,Sun–Sat7AM–10PM
6300 Powers Ferry Rd,Sandy Springs,GA,30339,US,(770) 612-5140,Sun–Sat7AM–10PM
6615 Roswell Rd,Sandy Springs,GA,30328,US,(404) 843-4340,Sun–Sat7AM–10PM
7117 Merrill Rd,Jacksonville,FL,32277,US,(904) 744-7983,Sun–Sat7AM–10PM
9179 Babcock St SE,Palm Bay,FL,32909,US,(321) 327-6140,Sun–Sat7AM–10PM
7655 Stadium Pkwy,Melbourne,FL,32940,US,(321) 426-2915,Sun–Sat7AM–10PM
7925 N Kings Hwy,Myrtle Beach,SC,29572,US,(843) 449-1660,Sun–Sat7AM–9PM
6890 Miramar Pkwy,Miramar,FL,33023,US,(954) 966-9100,Sun–Sat7AM–10PM
741 S Orlando Ave,Winter Park,FL,32789,US,(407) 622-0302,Sun–Sat7AM–10PM
9100 Merrill Rd,Jacksonville,FL,32225,US,(904) 745-4260,Sun–Sat7AM–10PM
930 N Miami Beach Blvd,North Miami Beach,FL,33162,US,(305) 947-5485,Sun–Sat7AM–10PM
8725 Roswell Rd Ste G,Sandy Springs,GA,30350,US,(770) 640-5950,Sun–Sat7AM–10PM
7953 Villa Rica Hwy,Dallas,GA,30157,US,(678) 840-4676,Sun–Sat7AM–9PM
2365 Peachtree Rd NE,Atlanta,GA,30305,US,(404) 869-6556,Sun–Sat7AM–10PM
950 Blanding Blvd,Orange Park,FL,32065,US,(904) 276-6029,Sun–Sat7AM–10PM
610 Eglin Pkwy NE,Fort Walton Beach,FL,32547,US,(850) 862-6789,Sun–Sat7AM–10PM
3870 N Druid Hills Rd,Decatur,GA,30033,US,(404) 638-1293,Sun–Sat7AM–10PM
2257 Wendell Falls Pkwy,Wendell,NC,27591,US,(919) 365-7055,Sun–Sat7AM–10PM
705 Greenville Blvd SE,Greenville,NC,27858,US,(252) 756-4682,Sun–Sat7AM–10PM
2005 N Main St Ste 101,High Point,NC,27262,US,(336) 905-8610,Sun–Sat7AM–10PM
5829 Campbellton Rd SW Ste 110,Atlanta,GA,30331,US,(404) 346-4170,Sun–Sat7AM–10PM
165 US Hwy 31 N,Athens,AL,35611,US,(256) 771-5662,Sun–Sat7AM–10PM
7014 City Center Way,Fairview,TN,37062,US,(615) 799-3474,Sun–Sat7AM–9PM
115 Commons Way,Oxford,AL,36203,US,(256) 835-4075,Sun–Sat7AM–9PM
7144 Market St,Wilmington,NC,28411,US,(910) 681-3555,Sun–Sat7AM–10PM
4950 Belle Terre Pkwy,Palm Coast,FL,32137,US,(386) 445-2628,Sun–Sat7AM–10PM
695 Kristine Way,The Villages,FL,32163,US,(352) 259-8244,Sun–Sat7AM–9PM
8780 Boynton Beach Blvd,Boynton Beach,FL,33472,US,(561) 369-4800,Sun–Sat7AM–10PM
133 N Congress Ave,Boynton Beach,FL,33426,US,(561) 364-3707,Sun–Sat7AM–10PM
10755 NW 58th St,Doral,FL,33178,US,(305) 597-8295,Sun–Sat7AM–10PM
4812 Hwy 280,Alexander City,AL,35010,US,(256) 414-6016,Sun–Sat7AM–9PM
139 Commerce Ave,LaGrange,GA,30241,US,(706) 883-1120,Sun–Sat7AM–9PM
3620 Era Dr,Cumming,GA,30028,US,(770) 406-5140,Sun–Sat7AM–10PM
4042 S Semoran Blvd,Orlando,FL,32822,US,(407) 277-3871,Sun–Sat7AM–10PM
5858 Atlantic Blvd,Jacksonville,FL,32207,US,(904) 721-3410,Sun–Sat7AM–10PM
3220 Woodward Ave,Muscle Shoals,AL,35661,US,(256) 389-0080,Sun–Sat7AM–9PM
1435 E Oglethorpe Hwy,Hinesville,GA,31313,US,(912) 255-6174,Sun–Sat7AM–10PM
1620 Blowing Rock Rd,Boone,NC,28607,US,(828) 263-8126,Sun–Sat7AM–9PM
1254 Coddle Creek Hwy,Mooresville,NC,28115,US,(704) 360-6915,Sun–Sat7AM–9PM
17 Monroe Hwy Ste A,Winder,GA,30680,US,(770) 307-2900,Sun–Sat7AM–10PM
3120 Mathis Airport Pkwy,Suwanee,GA,30024,US,(770) 781-0368,Sun–Sat7AM–10PM
1735 Buford Hwy,Cumming,GA,30041,US,(770) 781-5601,Sun–Sat7AM–10PM
2343 Crawfordville Hwy,Crawfordville,FL,32327,US,(850) 926-4072,Sun–Sat7AM–10PM
5119 Washington Rd,Evans,GA,30809,US,(706) 650-1460,Sun–Sat7AM–10PM
2153 E Main St Ste B9,Duncan,SC,29334,US,(864) 486-4700,Sun–Sat7AM–10PM
2873 S Orange Ave,Orlando,FL,32806,US,(407) 872-0395,Sun–Sat7AM–10PM
7880 Winter Garden Vineland Rd,Windermere,FL,34786,US,(407) 876-0605,Sun–Sat7AM–10PM
6485 S Chickasaw Trl,Orlando,FL,32829,US,(407) 277-8095,Sun–Sat7AM–10PM
1910 N John Young Pkwy,Kissimmee,FL,34741,US,(407) 933-0367,Sun–Sat7AM–10PM
12195 S Orange Blossom Trl,Orlando,FL,32837,US,(407) 816-0884,Sun–Sat7AM–10PM
14928 E Orange Lake Blvd,Kissimmee,FL,34747,US,(407) 239-4989,Sun–Sat7AM–11PM
2000 Cheney Hwy,Titusville,FL,32780,US,(321) 267-9606,Sun–Sat7AM–10PM
460 Long Hollow Pike,Goodlettsville,TN,37072,US,(615) 851-7180,Sun–Sat7AM–9PM
2223 8th Ave S,Nashville,TN,37204,US,(615) 279-9470,Sun–Sat7AM–10PM
101 Creekside Xing,Brentwood,TN,37027,US,(615) 507-1505,Sun–Sat6:30AM–10PM
23965 Hwy 27,Lake Wales,FL,33859,US,(863) 676-1215,Sun–Sat7AM–10PM
150 Flat Rock Rd,Louisville,KY,40245,US,(502) 912-5403,Sun–Sat7AM–10PM
2400 S Ridgewood Ave Ste 49,South Daytona,FL,32119,US,(386) 756-9969,Sun–Sat7AM–9PM
2630 LPGA Blvd,Daytona Beach,FL,32124,US,(386) 274-3188,Sun–Sat7AM–10PM
12165 Mercado Dr,Venice,FL,34293,US,(941) 492-6110,Sun–Sat7AM–10PM
501 N Beneva Rd Ste 161,Sarasota,FL,34232,US,(941) 330-9771,Sun–Sat7AM–10PM
5804 Bee Ridge Rd,Sarasota,FL,34233,US,(941) 378-2111,Sun–Sat7AM–10PM
4854 Sun City Center Blvd,Sun City Center,FL,33573,US,(813) 633-3440,Sun–Sat7AM–10PM
1090 Spirit Lake Rd,Winter Haven,FL,33880,US,(863) 293-3804,Sun–Sat7AM–10PM
11205 E State Road 70,Bradenton,FL,34202,US,(941) 727-4180,Sun–Sat7AM–10PM
24051 Peachland Blvd,Port Charlotte,FL,33954,US,(941) 235-4460,Sun–Sat7AM–10PM
1251 S Toledo Blade Blvd,North Port,FL,34288,US,(941) 240-5023,Sun–Sat7AM–10PM
1940 Lakewood Ranch Blvd,Sarasota,FL,34240,US,(941) 271-6984,Sun–Sat7AM–10PM
2875 University Pkwy,Sarasota,FL,34243,US,(941) 358-1169,Sun–Sat7AM–10PM
16950 San Carlos Blvd,Fort Myers,FL,33908,US,(239) 895-0720,Sun–Sat7AM–9PM
2800 Rosewood Dr,Columbia,SC,29205,US,(803) 806-8839,Sun–Sat7AM–10PM
5441 Platt Springs Rd,Lexington,SC,29073,US,(803) 358-9587,Sun–Sat7AM–10PM
145 Forest Blvd Ste 100,Dawsonville,GA,30534,US,(706) 216-4220,Sun–Sat7AM–10PM
2325 Cheshire Bridge Rd NE,Atlanta,GA,30324,US,(404) 638-1900,Sun–Sat7AM–10PM
1212 US Highway 19 S,Leesburg,GA,31763,US,(229) 431-0294,Sun–Sat7AM–10PM
1021 Riverside Dr,Franklin,TN,37064,US,(615) 591-3285,Sun–Sat7AM–9PM
1021 Jim Warren Pkwy,Spring Hill,TN,37174,US,(931) 487-5038,Sun–Sat7AM–10PM
731 Duval Station Rd Ste 4,Jacksonville,FL,32218,US,(904) 696-3093,Sun–Sat7AM–10PM
13820 Old Saint Augustine Rd,Jacksonville,FL,32258,US,(904) 262-5415,Sun–Sat7AM–10PM
8409 Dorchester Rd Ste 104,North Charleston,SC,29420,US,(843) 767-5970,Sun–Sat7AM–10PM
5410 Donald Ross Rd,Palm Beach Gardens,FL,33418,US,(561) 626-1950,Sun–Sat7AM–10PM
1401 Sam Rittenberg Blvd,Charleston,SC,29407,US,(843) 852-3350,Sun–Sat7AM–10PM
9335 SW Commerce Centre Dr,Port Saint Lucie,FL,34986,US,(772) 345-9500,Sun–Sat7AM–10PM
16841 Persimmon Blvd W Unit 1000,Westlake,FL,33470,US,(561) 273-1070,Sun–Sat7AM–10PM
3460 Pump Rd,Henrico,VA,23233,US,(804) 364-6314,Sun–Sat7AM–9PM
9645 W Broad St,Glen Allen,VA,23060,US,(804) 965-6303,Sun–Sat7AM–9PM
4000 N Goldenrod Rd,Winter Park,FL,32792,US,(407) 671-0211,Sun–Sat7AM–10PM
13900 Narcoossee Rd,Orlando,FL,32832,US,(407) 240-2102,Sun–Sat7AM–10PM
3040 Dyer Blvd,Kissimmee,FL,34741,US,(407) 933-0172,Sun–Sat7AM–10PM
5473 NW Saint James Dr,Port Saint Lucie,FL,34983,US,(772) 878-6119,Sun7AM–9PMMon–Sat7AM–10PM
1400 Coral Ridge Dr,Coral Springs,FL,33071,US,(954) 346-1705,Sun–Sat7AM–10PM
10018 Griffin Rd,Cooper City,FL,33328,US,(954) 434-5728,Sun–Sat7AM–10PM
3251 E 2nd Ave,Hialeah,FL,33013,US,(305) 888-1033,Sun–Sat7AM–10PM
1390 Tiger Blvd,Clemson,SC,29631,US,(864) 654-3776,Sun–Sat7AM–10PM
445 Hwy 109 N,Lebanon,TN,37090,US,(615) 443-4349,Sun–Sat7AM–9PM
100 Glenda Trce,Newnan,GA,30265,US,(770) 502-0686,Sun–Sat7AM–10PM
1715 Oil Well Rd,Naples,FL,34120,US,(239) 397-6689,Sun–Sat7AM–10PM
3450 Bayside Lakes Blvd SE Unit 113,Palm Bay,FL,32909,US,(321) 725-2420,Sun–Sat7AM–10PM
3026 Zelda Rd,Montgomery,AL,36106,US,(334) 244-4481,Sun–Sat7AM–10PM
16400 US Highway 331 S,Freeport,FL,32439,US,(850) 835-2296,Sun–Sat7AM–10PM
22530 US Highway 98 Ste 100,Fairhope,AL,36532,US,(251) 929-7355,Sun–Sat7AM–9PM
3855 Fountainblue Ln,Lexington,KY,40513,US,(859) 469-7337,Sun–Sat7AM–10PM
2700 N Main St Ste A,Summerville,SC,29486,US,(843) 879-5076,Sun–Sat7AM–10PM
1515 Tallahassee Hwy,Bainbridge,GA,39819,US,(229) 442-6100,Sun–Sat7AM–10PM
1860 Barnett Shoals Rd,Athens,GA,30605,US,(706) 227-6260,Sun–Sat7AM–10PM
5230 US Highway 1,Vero Beach,FL,32967,US,(772) 778-3513,Sun–Sat7AM–10PM
5928 Hixson Pike Ste 112,Hixson,TN,37343,US,(423) 847-8461,Sun–Sat7AM–10PM
5435 Woodruff Farm Rd,Columbus,GA,31907,US,(706) 568-8820,Sun–Sat7AM–10PM
5229 Veterans Pkwy,Murfreesboro,TN,37128,US,(615) 995-7914,Sun–Sat7AM–9PM
3435 Ashford Dunwoody Rd NE,Brookhaven,GA,30319,US,(770) 216-5050,Sun–Sat7AM–10PM
2655 NE 35th St,Ocala,FL,34479,US,(352) 620-1451,Sun–Sat7AM–10PM
2300 Gunter Ave,Guntersville,AL,35976,US,(256) 571-2501,Sun–Sat7AM–9PM
4840 Golden Pkwy,Buford,GA,30518,US,(770) 614-7700,Sun–Sat7AM–10PM
1111 Lower Fayetteville Rd,Newnan,GA,30265,US,(770) 502-2370,Sun–Sat7AM–10PM
365 Huntley Pkwy,Pelham,AL,35124,US,(205) 620-0102,Sun–Sat7AM–10PM
275 Perry Pkwy,Perry,GA,31069,US,(478) 218-7577,Sun–Sat7AM–10PM
2035 Mount Zion Rd,Morrow,GA,30260,US,(770) 472-4000,Sun–Sat7AM–10PM
13015 Brown Bridge Rd,Covington,GA,30016,US,(678) 342-0766,Sun–Sat7AM–10PM
930 New Hope Rd,Lawrenceville,GA,30045,US,(770) 682-2430,Sun–Sat7AM–10PM
4055 Harris Square Dr,Harrisburg,NC,28075,US,(704) 454-7832,Sun–Sat7AM–10PM
5000 Old Buncombe Rd Unit 15,Greenville,SC,29617,US,(864) 448-7652,Sun–Sat7AM–10PM
6525 Calhoun Memorial Hwy,Easley,SC,29640,US,(864) 850-2270,Sun–Sat7AM–10PM
251 Miracle Strip Pkwy SE,Fort Walton Beach,FL,32548,US,(850) 796-1841,Sun–Sat7AM–10PM
100 N Florida St,Mobile,AL,36607,US,(251) 471-4860,Sun–Sat7AM–9PM
12022 Indian Rocks Rd,Largo,FL,33774,US,(727) 595-8192,Sun–Sat7AM–10PM
479 Bypass 72 NW Ste 100,Greenwood,SC,29649,US,(864) 223-8902,Sun–Sat7AM–9PM
155 Johnny Mercer Blvd,Savannah,GA,31410,US,(912) 897-8100,Sun–Sat7AM–9PM
3551 S Blair Stone Rd,Tallahassee,FL,32301,US,(850) 219-1150,Sun–Sat7AM–10PM
580 Atlantic Blvd,Neptune Beach,FL,32266,US,(904) 242-5197,Sun–Sat7AM–10PM
208 Saint James Ave Ste C,Goose Creek,SC,29445,US,(843) 569-7920,Sun–Sat7AM–10PM
1576 Highway 17 N,North Myrtle Beach,SC,29582,US,(843) 272-0050,Sun–Sat7AM–9PM
7749 Normandy Blvd,Jacksonville,FL,32221,US,(904) 781-1952,Sun–Sat7AM–10PM
3480 Kildaire Farm Rd,Cary,NC,27518,US,(919) 303-4024,Sun–Sat7AM–9PM
2170 Oakheart Rd,Myrtle Beach,SC,29579,US,(843) 903-4603,Sun–Sat7AM–9PM
1018 Lake Park Blvd N Ste 107,Carolina Beach,NC,28428,US,(910) 458-8615,Sun–Sat7AM–9PM
13455 County Line Rd,Spring Hill,FL,34609,US,(352) 797-8027,Sun–Sat7AM–10PM
171 Town and Country Dr,Palatka,FL,32177,US,(386) 312-8305,Sun7AM–9PMMon–Sat7AM–10PM
6760 W Gulf To Lake Hwy,Crystal River,FL,34429,US,(352) 795-4679,Sun–Sat7AM–9PM
10601 US 441 Ste D,Leesburg,FL,34788,US,(352) 323-1420,Sun–Sat7AM–9PM
1012 West Main Street,Inverness,FL,34450,US,(352) 341-2581,Sun–Sat7AM–9PM
5400 Bruce B Downs Blvd,Wesley Chapel,FL,33544,US,(813) 907-1699,Sun–Sat7AM–10PM
42051 Cypress Pkwy,Babcock Ranch,FL,33982,US,(239) 567-0903,Sun–Sat7AM–10PM
1491 Main St,Dunedin,FL,34698,US,(727) 736-9284,Sun–Sat7AM–10PM
8145 Vineland Ave,Orlando,FL,32821,US,(407) 238-9924,Sun–Sat7AM–11PM
15151 N Dale Mabry Hwy,Tampa,FL,33618,US,(813) 265-3288,Sun–Sat7AM–10PM
10150 Brook Rd,Glen Allen,VA,23059,US,(804) 262-8190,Sun–Sat7AM–10PM
2770 W Bay Dr,Belleair Bluffs,FL,33770,US,(727) 586-0213,Sun–Sat7AM–10PM
1537 NW St Lucie West Blvd,Port Saint Lucie,FL,34986,US,(772) 878-7393,Sun7AM–9PMMon–Sat7AM–10PM
11245 US Highway 301 N,Parrish,FL,34219,US,(941) 776-8326,Sun–Sat7AM–10PM
1735 NE Pine Island Rd,Cape Coral,FL,33909,US,(239) 573-0818,Sun–Sat7AM–10PM
15502 Stoneybrook West Pkwy Ste 100,Winter Garden,FL,34787,US,(407) 654-6404,Sun–Sat7AM–10PM
13850 Landstar Blvd,Orlando,FL,32824,US,(407) 856-6040,Sun–Sat7AM–10PM
1600 66th St N,Saint Petersburg,FL,33710,US,(727) 344-1216,Sun–Sat7AM–10PM
1313 S Dale Mabry Hwy,Tampa,FL,33629,US,(813) 258-9801,Sun–Sat7AM–10PM
4100 N Wickham Rd Ste 109,Melbourne,FL,32935,US,(321) 242-2678,Sun7AM–9PMMon–Sat7AM–10PM
5350 Central Florida Pkwy,Orlando,FL,32821,US,(407) 465-1139,Sun–Sat7AM–10PM
13154 US Highway 301 S,Riverview,FL,33578,US,(813) 741-0693,Sun–Sat7AM–10PM
8405 Honore Ave Unit 1,Sarasota,FL,34238,US,(941) 924-0031,Sun–Sat7AM–9PM
3428 Clark Rd,Sarasota,FL,34231,US,(941) 923-3910,Sun–Sat7AM–10PM
7800 Lake Wilson Rd,Davenport,FL,33896,US,(863) 420-3152,Sun–Sat7AM–10PM
2895 N Narcoossee Rd,Saint Cloud,FL,34771,US,(407) 556-0115,Sun–Sat7AM–10PM
4651 Cortez Rd W,Bradenton,FL,34210,US,(941) 792-7195,Sun–Sat7AM–10PM
1755 Lakewood Ranch Blvd,Bradenton,FL,34211,US,(941) 745-5677,Sun–Sat7AM–10PM
22449 Spadea Way,Carrollton,VA,23314,US,(757) 542-6041,Sun–Sat7AM–9PM
8409 S Tamiami Trl,Sarasota,FL,34238,US,(941) 925-4778,Sun–Sat7AM–10PM
19100 S Tamiami Trl,Fort Myers,FL,33908,US,(239) 432-2522,Sun–Sat7AM–10PM
7950 Dani Dr Ste 200,Fort Myers,FL,33966,US,(239) 274-1226,Sun–Sat7AM–10PM
1620 Cedar Rd Ste 100,Chesapeake,VA,23322,US,(757) 550-6044,Sun–Sat7AM–10PM
2420 Santa Barbara Blvd,Cape Coral,FL,33914,US,(239) 574-6395,Sun–Sat7AM–10PM
2040 58th Ave,Vero Beach,FL,32966,US,(772) 569-1204,Sun–Sat7AM–10PM
2895 N Military Trl,West Palm Beach,FL,33409,US,(561) 687-0445,Sun–Sat7AM–10PM
1405 S Federal Hwy,Pompano Beach,FL,33062,US,(954) 784-3725,Sun–Sat7AM–10PM
1181 S University Dr,Plantation,FL,33324,US,(954) 577-0542,Sun–Sat7AM–10PM
9100 S US Highway 1,Port Saint Lucie,FL,34952,US,(772) 337-1600,Sun7AM–9PMMon–Sat7AM–10PM
1700 S Congress Ave,Palm Springs,FL,33461,US,(561) 965-8700,Sun–Sat7AM–10PM
11566 US Highway 1,Palm Beach Gardens,FL,33408,US,(561) 622-0804,Sun–Sat7AM–10PM
9846 Glades Rd,Boca Raton,FL,33434,US,(561) 852-5580,Sun–Sat7AM–10PM
14561 Palm Beach Blvd Ste 150,Fort Myers,FL,33905,US,(239) 690-0554,Sun–Sat7AM–10PM
3253 SW Port St Lucie Blvd,Port Saint Lucie,FL,34953,US,(772) 621-8473,Sun–Sat7AM–10PM
1180 Royal Palm Beach Blvd,Royal Palm Beach,FL,33411,US,(561) 851-5962,Sun–Sat7AM–10PM
1981 Tamiami Trl N,Naples,FL,34102,US,(239) 262-0125,Sun–Sat7AM–10PM
9510 SW 160th St,Miami,FL,33157,US,(305) 971-9790,Sun–Sat7AM–10PM
7431 N Federal Hwy,Boca Raton,FL,33487,US,(561) 241-9700,Sun–Sat7AM–10PM
4975 Avila Ave,Ave Maria,FL,34142,US,(239) 304-3269,Sun–Sat7AM–10PM
4121 W Commercial Blvd,Tamarac,FL,33319,US,(954) 735-4808,Sun–Sat7AM–10PM
5855 W Oakland Park Blvd Ste 203,Lauderhill,FL,33313,US,(954) 735-1328,Sun–Sat7AM–10PM
4101 Hood Rd,Palm Beach Gardens,FL,33410,US,(561) 622-1047,Sun–Sat7AM–10PM
10913 N Military Trl,Palm Beach Gardens,FL,33410,US,(561) 622-3584,Sun–Sat7AM–10PM
9720 Clint Moore Rd,Boca Raton,FL,33496,US,(561) 218-6114,Sun–Sat7AM–10PM
4200 Northlake Blvd,Palm Beach Gardens,FL,33410,US,(561) 625-9632,Sun–Sat7AM–10PM
7550 NW 104th Ave,Doral,FL,33178,US,(305) 418-9751,Sun–Sat7AM–10PM
1415 E Sunrise Blvd,Fort Lauderdale,FL,33304,US,(954) 888-8915,Sun–Sat7AM–10PM
9050 Biscayne Blvd,Miami Shores,FL,33138,US,(305) 751-4075,Sun–Sat7AM–10PM
127 S State Road 7,Royal Palm Beach,FL,33414,US,(561) 615-1705,Sun–Sat7AM–10PM
3500 W Davie Blvd,Fort Lauderdale,FL,33312,US,(954) 791-2180,Sun–Sat7AM–10PM
22973 State Road 7,Boca Raton,FL,33428,US,(561) 488-5994,Sun–Sat7AM–10PM
3700 N Federal Hwy,Lighthouse Point,FL,33064,US,(954) 786-3056,Sun–Sat7AM–10PM
4260 SW 152nd Ave,Miami,FL,33185,US,(305) 222-8120,Sun–Sat7AM–10PM
8341 W Flagler St,Miami,FL,33144,US,(305) 266-0713,Sun–Sat7AM–10PM
106 Ponce De Leon Blvd,Coral Gables,FL,33135,US,(305) 442-6018,Sun–Sat7AM–10PM
2551 S Le Jeune Rd,Coral Gables,FL,33134,US,(305) 445-2641,Sun–Sat7AM–10PM
1220 E Palm Dr,Homestead,FL,33035,US,(786) 572-6695,Sun–Sat7AM–10PM
952 Harbins Rd,Dacula,GA,30019,US,(770) 666-9280,Sun–Sat7AM–10PM
1236 Thompson Bridge Rd,Gainesville,GA,30501,US,(770) 538-0665,Sun–Sat7AM–10PM
4670 Lebanon Pike,Hermitage,TN,37076,US,(615) 874-0898,Sun–Sat7AM–9PM
378 Veterans Pkwy N,Moultrie,GA,31788,US,(229) 217-4812,Sun–Sat7AM–10PM
2500 Terra Crossing Blvd,Louisville,KY,40245,US,(502) 885-7662,Sun–Sat7AM–10PM
5525 Robin Lark Cir,Winston-Salem,NC,27106,US,(336) 815-6007,Sun–Sat7AM–9PM
11222 Providence Rd W,Charlotte,NC,28277,US,(704) 716-2344,Sun–Fri7AM–10PMSat7AM–4PM
2724 W Hillsborough Ave,Tampa,FL,33614,US,(813) 673-8900,Sun–Sat7AM–10PM
10928 Cross Creek Blvd,Tampa,FL,33647,US,(813) 986-1239,Sun–Sat7AM–10PM
1851 N US Hwy 1,Fort Pierce,FL,34946,US,(772) 595-5321,Sun–Sat7AM–10PM
1949 Hoffman Rd,Gastonia,NC,28054,US,(704) 853-7000,Sun–Sat7AM–10PM
11782 E Dr Martin Luther King Jr Blvd,Seffner,FL,33584,US,(813) 684-6029,Sun–Sat7AM–10PM
1120 Bichara Blvd,Lady Lake,FL,32159,US,(352) 750-2400,Sun7AM–8PMMon–Sat7AM–9PM
20201 SW 127th Ave,Miami,FL,33177,US,(305) 234-6038,Sun–Sat7AM–10PM
12424 Cumming Hwy,Canton,GA,30115,US,(678) 455-0112,Sun–Sat7AM–10PM
11830 US Hwy 301,Dade City,FL,33525,US,(352) 521-3017,Sun–Sat7AM–10PM
10110 Benfield Rd,Charlotte,NC,28269,US,(704) 992-6951,Sun–Sat7AM–10PM
2031 Bay St,Sarasota,FL,34237,US,(941) 366-4089,Sun–Sat7AM–10PM
185 Earth Rd,Columbia,SC,29229,US,(803) 769-0440,Sun–Sat7AM–10PM
535 Tamiami Trl S,Venice,FL,34285,US,(941) 484-3346,Sun–Sat7AM–9PM
1065 Yunus Rd,Durham,NC,27703,US,(919) 598-0245,Sun–Sat7AM–10PM
2481 Del Prado Blvd N,Cape Coral,FL,33909,US,(239) 573-1706,Sun–Sat7AM–10PM
2650 New Salem Hwy,Murfreesboro,TN,37128,US,(615) 895-7096,Sun–Sat7AM–9PM
5624 Strand Blvd,Naples,FL,34110,US,(239) 596-0479,Sun–Sat7AM–10PM
600 N University Dr,Pembroke Pines,FL,33024,US,(954) 433-4400,Sun–Sat7AM–10PM
911 SW 1st Ave,Miami,FL,33130,US,(305) 358-1575,Sun–Sat7AM–10PM
6330 W Indiantown Rd,Jupiter,FL,33458,US,(561) 741-1220,Sun–Sat7AM–10PM
7344 Nolensville Rd,Nolensville,TN,37135,US,(629) 529-8036,Sun–Sat7AM–10PM
950 W Peachtree St NW,Atlanta,GA,30309,US,(404) 253-3544,Sun–Sat6:45AM–10PM
430 Richwood Rd,Walton,KY,41094,US,(859) 379-1137,Sun–Sat7AM–10PM
15000 Miami Lakes Dr E,Miami Lakes,FL,33014,US,(305) 818-8830,Sun–Sat7AM–10PM
821 S Main Street,Rolesville,NC,27571,US,(919) 263-6027,Sun–Sat7AM–10PM
800 Belle Terre Pkwy,Palm Coast,FL,32164,US,(386) 437-2426,Sun–Sat7AM–10PM
1000 Johnnie Dodds Blvd Ste 106,Mount Pleasant,SC,29464,US,(843) 856-3000,Sun–Sat7AM–9PM
12139 W Linebaugh Ave,Tampa,FL,33626,US,(813) 814-0737,Sun–Sat7AM–10PM
1535 Silver Bluff Rd,Aiken,SC,29803,US,(803) 845-6298,Sun–Sat7AM–10PM
12024 Anderson Rd,Tampa,FL,33625,US,(813) 264-4457,Sun–Sat7AM–10PM
1930 State Rd 44,New Smyrna Beach,FL,32168,US,(386) 427-5327,Sun–Sat7AM–10PM
1455 State Road 436 Ste 221,Casselberry,FL,32707,US,(407) 673-0162,Sun–Sat7AM–10PM
255 SE 3rd Ave,Fort Lauderdale,FL,33301,US,(954) 713-6265,Sun–Sat7AM–10PM
4145 9th St SW,Vero Beach,FL,32968,US,(772) 299-6235,Sun–Sat7AM–10PM
2201 N University Dr,Coral Springs,FL,33071,US,(954) 757-2296,Sun–Sat7AM–10PM
4901 SW 148th Ave,Davie,FL,33330,US,(954) 680-1900,Sun–Sat7AM–10PM
601 S Andrews Ave,Fort Lauderdale,FL,33301,US,(954) 728-8330,Sun–Sat7AM–10PM
155 E 2nd Ave,Hialeah,FL,33010,US,(305) 863-8133,Sun–Sat7AM–10PM
18409 Miramar Pkwy,Miramar,FL,33029,US,(954) 447-3334,Sun–Sat7AM–10PM
4112 E Johnson Ave,Haines City,FL,33844,US,(863) 256-1194,Sun–Sat7AM–10PM
7805 SW 40th St,Miami,FL,33155,US,(305) 266-1950,Sun–Sat7AM–10PM
8833 Tamiami Trl N,Naples,FL,34108,US,(239) 596-0403,Sun–Sat7AM–10PM
29 Blake Blvd,Celebration,FL,34747,US,(321) 939-3100,Sun–Sat7AM–11PM
1801 E Broadway St,Oviedo,FL,32765,US,(407) 971-1774,Sun–Sat7AM–10PM
4250 Alafaya Trl Ste 148,Oviedo,FL,32765,US,(407) 366-9480,Sun–Sat7AM–10PM
300 Cherokee Pl,Cartersville,GA,30121,US,(770) 606-2360,Sun–Sat7AM–9PM
4175 Franklin Rd,Murfreesboro,TN,37128,US,(615) 494-3196,Sun–Sat7AM–9PM
2860 Lakeshore Pkwy,Birmingham,AL,35211,US,(205) 945-2741,Sun–Sat7AM–10PM
6175 Hickory Flat Hwy Ste 140,Canton,GA,30115,US,(770) 345-8600,Sun–Sat7AM–10PM
3014 Allison Bonnett Memorial Dr Ste 130,Hueytown,AL,35023,US,(205) 497-5366,Sun–Sat7AM–9PM
103 Villa Rica Pkwy Ste 200,Villa Rica,GA,30180,US,(770) 462-6171,Sun–Sat7AM–10PM
4660 Monticello Ave,Williamsburg,VA,23188,US,(757) 564-5902,Sun–Sat7AM–10PM
1030 Old Peachtree Rd NW,Lawrenceville,GA,30043,US,(678) 376-3220,Sun–Sat7AM–10PM
2162 Henderson Mill Rd NE,Atlanta,GA,30345,US,(770) 724-1947,Sun–Sat7AM–10PM
2380 Buford Dr Ste 201,Lawrenceville,GA,30043,US,(770) 338-4560,Sun–Sat7AM–10PM
12701 Town Center Dr,Covington,GA,30014,US,(770) 385-5705,Sun–Sat7AM–10PM
13775 US Highway 19 S,Thomasville,GA,31792,US,(229) 226-9800,Sun–Sat7AM–10PM
2830 Hwy 52,Moncks Corner,SC,29461,US,(843) 761-7741,Sun–Sat7AM–10PM
716 Bragg Dr,Wilmington,NC,28412,US,(910) 313-2201,Sun–Sat7AM–9PM
4850 Sugarloaf Pkwy,Lawrenceville,GA,30044,US,(770) 277-5240,Sun–Sat7AM–10PM
6828 Matthews Mint Hill Rd,Mint Hill,NC,28227,US,(704) 573-0234,Sun–Sat7AM–9PM
158 Highway 274,Lake Wylie,SC,29710,US,(803) 831-5667,Sun–Sat7AM–10PM
1010 Dr Martin L King Jr Blvd,Nashville,TN,37203,US,(615) 259-6072,Sun–Sat7AM–10PM
4324 Harding Pike,Nashville,TN,37205,US,(615) 279-2038,Sun–Sat7AM–9PM
3720 NW 13th St Ste 9,Gainesville,FL,32609,US,(352) 335-3785,Sun–Sat7AM–10PM
8000 Madison Blvd Ste A,Madison,AL,35758,US,(256) 461-1860,Sun–Sat6:30AM–9PM
1931 Long Hollow Pike,Gallatin,TN,37066,US,(615) 230-7647,Sun–Sat7AM–9PM
3535 Broad St,Chattanooga,TN,37409,US,(423) 668-5233,Sun–Sat7AM–10PM
11341 Normandy Blvd Ste 201,Jacksonville,FL,32221,US,(904) 929-6000,Sun–Sat7AM–10PM
12620 Beach Blvd Ste 12,Jacksonville,FL,32246,US,(904) 564-3580,Sun–Sat7AM–10PM
8075 SW Highway 200 Unit 111,Ocala,FL,34481,US,(352) 291-0292,Sun–Sat7AM–9PM
7035 Three Chopt Rd,Richmond,VA,23226,US,(804) 288-1070,Sun–Sat7AM–9PM
3535 Ellwood Ave,Richmond,VA,23221,US,(804) 253-6372,Sun–Sat7AM–10PM
11800 Haynes Bridge Rd Ste B,Alpharetta,GA,30009,US,(770) 752-4960,Sun–Sat7AM–10PM
619 S Fort Harrison Ave,Clearwater,FL,33756,US,(727) 443-5700,Sun–Sat7AM–10PM
500 E Lake Rd,Palm Harbor,FL,34685,US,(727) 784-4180,Sun–Sat7AM–10PM
3870 Peachtree Industrial Blvd,Duluth,GA,30096,US,(770) 813-7465,Sun–Sat6:30AM–10PM
2100 Saxon Blvd,Deltona,FL,32725,US,(386) 532-8584,Sun–Sat7AM–10PM
915 Doyle Rd,Deltona,FL,32725,US,(386) 575-0521,Sun–Sat7AM–9PM
1030 Forestville Rd,Wake Forest,NC,27587,US,(919) 556-6671,Sun–Sat7AM–9PM
12231 E Colonial Dr,Orlando,FL,32826,US,(407) 482-1244,Sun–Sat7AM–10PM
11635 Moccasin Wallow Rd,Parrish,FL,34219,US,(941) 981-6157,Sun–Sat7AM–10PM
1591 Georgia Highway 20 NE,Conyers,GA,30012,US,(678) 413-2421,Sun–Sat7AM–10PM
4611 Hard Scrabble Rd,Columbia,SC,29229,US,(803) 699-8131,Sun–Sat7AM–10PM
5100 Clark Rd,Sarasota,FL,34233,US,(941) 926-8297,Sun–Sat7AM–10PM
1104 Cullman Shopping Ctr NW,Cullman,AL,35055,US,(256) 736-7000,Sun–Sat7AM–9PM
270 E Eau Gallie Blvd,Indian Harbour Beach,FL,32937,US,(321) 773-2915,Sun–Sat7AM–10PM
115 Rochester Hwy,Seneca,SC,29672,US,(864) 885-7055,Sun–Sat7AM–9PM
18125 Wright Blvd,Fairhope,AL,36532,US,(251) 279-6442,Sun–Sat7AM–9PM
9040 Memorial Pkwy SW,Huntsville,AL,35802,US,(256) 650-6086,Sun–Sat7AM–9PM
2180 W Nine Mile Rd,Pensacola,FL,32534,US,(850) 473-5020,Sun–Sat7AM–10PM
215 Pelham Rd,Greenville,SC,29615,US,(864) 370-8210,Sun–Sat7AM–10PM
831 Village Blvd,West Palm Beach,FL,33409,US,(561) 615-6808,Sun–Sat7AM–10PM
1538 S Federal Hwy,Delray Beach,FL,33483,US,(561) 272-1291,Sun–Sat7AM–10PM
8140 W McNab Rd,North Lauderdale,FL,33068,US,(954) 722-0599,Sun–Sat7AM–10PM
9200 Highway 119 Ste 1400,Alabaster,AL,35007,US,(205) 663-3443,Sun–Sat6:30AM–10PM
15801 Sheridan St,Southwest Ranches,FL,33331,US,(954) 442-6869,Sun–Sat7AM–10PM
2985 N Ocean Blvd,Fort Lauderdale,FL,33308,US,(954) 331-2882,Sun–Sat7AM–10PM
8601 NW 186th St,Hialeah,FL,33015,US,(305) 829-0423,Sun–Sat7AM–10PM
2310 S Highway 77,Lynn Haven,FL,32444,US,(850) 271-6180,Sun–Sat7AM–9PM
4701 S University Dr,Davie,FL,33328,US,(954) 430-6630,Sun–Sat7AM–10PM
5500 Abercorn St Ste 2,Savannah,GA,31405,US,(912) 353-1260,Sun–Sat7AM–10PM
13820 SW 88th St,Miami,FL,33186,US,(305) 385-0200,Sun–Sat7AM–10PM
926 S Military Trl,West Palm Beach,FL,33415,US,(561) 616-2563,Sun–Sat7AM–10PM
13005 SW 89th Pl,Miami,FL,33176,US,(305) 964-4921,Sun–Sat7AM–10PM
1500 S Douglas Rd,Coral Gables,FL,33134,US,(305) 445-3221,Sun–Sat7AM–10PM
1325 Montclair Rd,Birmingham,AL,35210,US,(205) 951-6626,Sun–Sat6:30AM–10PM
19595 S State Rd 7,Boca Raton,FL,33498,US,(561) 226-9830,Sun–Sat7AM–10PM
5188 Caldwell Mill Rd,Hoover,AL,35244,US,(205) 980-7500,Sun–Sat6:30AM–9PM
11352 N Williams St Ste 400,Dunnellon,FL,34432,US,(352) 522-1988,Sun–Sat7AM–9PM
400 N Market St,Chattanooga,TN,37405,US,(423) 755-7901,Sun–Sat7AM–10PM
1968 NE 5th Ave,Boca Raton,FL,33431,US,(561) 750-9476,Sun–Sat7AM–10PM
5415 N Oceanshore Blvd,Palm Coast,FL,32137,US,(386) 445-2193,Sun–Sat7AM–9PM
327 Colony Blvd,The Villages,FL,32162,US,(352) 391-1802,Sun–Sat7AM–9PM
5810 Seven Mile Dr,Wildwood,FL,34785,US,(352) 330-0542,Sun–Sat7AM–9PM
4158 Mariner Blvd,Spring Hill,FL,34609,US,(352) 688-0161,Sun7AM–9PMMon–Sat7AM–10PM
19390 Cortez Blvd,Brooksville,FL,34601,US,(352) 796-2926,Sun–Sat7AM–10PM
3750 Roscommon Dr,Ormond Beach,FL,32174,US,(386) 615-8885,Sun–Sat7AM–9PM
717 N 14th St,Leesburg,FL,34748,US,(352) 787-4176,Sun–Sat7AM–9PM
7830 Land O Lakes Blvd,Land O Lakes,FL,34638,US,(813) 996-3391,Sun–Sat7AM–10PM
14641 Biscayne Blvd,North Miami Beach,FL,33181,US,(305) 354-2171,Sun–Sat7AM–10PM
2732 N Lake Dr,Columbia,SC,29212,US,(803) 407-2216,Sun–Sat7AM–9PM
135 Bradley Pl,Palm Beach,FL,33480,US,(561) 655-4120,Sun–Sat7AM–10PM
13178 N Dale Mabry Hwy,Tampa,FL,33618,US,(813) 961-0273,Sun–Sat7AM–10PM
10250 Staples Mill Rd,Glen Allen,VA,23060,US,(804) 755-2360,Sun–Sat7AM–9PM
2040 Shepherd Rd,Mulberry,FL,33860,US,(863) 644-4166,Sun–Sat7AM–10PM
1395 6th St NW,Winter Haven,FL,33881,US,(863) 299-8000,Sun–Sat7AM–9PM
4274 Washington Rd,Evans,GA,30809,US,(706) 650-5040,Sun–Sat7AM–10PM
16560 N Nebraska Ave,Lutz,FL,33549,US,(813) 264-5590,Sun–Sat7AM–10PM
1451 Sebastian Blvd Ste 200,Sebastian,FL,32958,US,(772) 581-5710,Sun–Sat7AM–10PM
1530 N Croatan Hwy,Kill Devil Hills,NC,27948,US,(252) 255-5006,Sun–Sat7AM–9PM
13880 Wellington Trce,Wellington,FL,33414,US,(561) 530-6664,Sun–Sat7AM–10PM
6820 Okeechobee Blvd,West Palm Beach,FL,33411,US,(561) 684-3015,Sun–Sat7AM–10PM
4279 Roswell Rd NE Ste 300,Atlanta,GA,30342,US,(404) 843-4353,Sun–Sat6:45AM–10PM
1589 Lantana Rd,Lantana,FL,33462,US,(561) 585-4225,Sun–Sat7AM–10PM
45 Pembroke Dr,Hilton Head Island,SC,29926,US,(843) 689-9977,Sun–Sat7AM–9PM
12425 Hagen Ranch Rd,Boynton Beach,FL,33437,US,(561) 292-4489,Sun–Sat7AM–9PM
2020 Howell Mill Rd NW Ste A,Atlanta,GA,30318,US,(404) 609-7840,Sun–Sat7AM–10PM
501 SE 18th Ave,Boynton Beach,FL,33435,US,(561) 292-4080,Sun–Sat7AM–10PM
15544 Old Hickory Blvd,Nashville,TN,37211,US,(615) 331-4912,Sun–Sat7AM–9PM
134 Venture Ln,Statesville,NC,28625,US,(704) 878-4073,Sun–Sat7AM–9PM
5900 Spout Springs Rd,Flowery Branch,GA,30542,US,(770) 967-1303,Sun–Sat7AM–10PM
22031 US Highway 72,Athens,AL,35613,US,(256) 230-2076,Sun–Sat7AM–10PM
2465 Glades Cir,Weston,FL,33327,US,(954) 217-0022,Sun–Sat7AM–10PM
10638 Concord Rd,Brentwood,TN,37027,US,(615) 941-8871,Sun7AM–10PMMon–Fri6:30AM–10PMSat7AM–10PM
453 Hwy 76,White House,TN,37188,US,(615) 581-6132,Sun–Sat7AM–9PM
7129 Wall Triana Hwy,Madison,AL,35757,US,(256) 722-3786,Sun–Sat7AM–10PM
12070 County Line Rd Ste C,Madison,AL,35756,US,(256) 230-2626,Sun–Sat7AM–10PM
4900 W Kennedy Blvd,Tampa,FL,33609,US,(813) 281-0769,Sun–Sat7AM–10PM
1731 S Rutherford Blvd Ste S,Murfreesboro,TN,37130,US,(615) 849-4290,Sun–Sat7AM–9PM
5805 State Bridge Rd,Johns Creek,GA,30097,US,(770) 813-7450,Sun–Sat7AM–10PM
350 Hughes Rd,Madison,AL,35758,US,(256) 464-3422,Sun–Sat7AM–9PM
12796 Bailey Cove Rd SE,Huntsville,AL,35803,US,(256) 885-0002,Sun–Sat7AM–9PM
655 Fieldstown Rd,Gardendale,AL,35071,US,(205) 608-4677,Sun–Sat7AM–10PM
1190 University Blvd,Tuscaloosa,AL,35401,US,(205) 247-5044,Sun–Sat7AM–11PM
1584 Montgomery Hwy,Hoover,AL,35216,US,(205) 824-7218,Sun–Sat7AM–10PM
128 W Grand Ave,Rainbow City,AL,35906,US,(256) 442-2509,Sun–Sat7AM–9PM
435 Turner McCall Blvd NE,Rome,GA,30165,US,(706) 291-3380,Sun–Sat6AM–10PM
709 E 3rd Ave,New Smyrna Beach,FL,32169,US,(386) 428-6465,Sun–Sat7AM–10PM
5039 US Hwy 231,Wetumpka,AL,36092,US,(334) 478-6185,Sun–Sat7AM–9PM
36301 E Lake Rd,Palm Harbor,FL,34685,US,(727) 785-5521,Sun–Sat7AM–10PM
14630 SW 26th St,Miami,FL,33175,US,(305) 223-0332,Sun–Sat7AM–10PM
13800 Highway 9 N Ste E,Alpharetta,GA,30004,US,(770) 751-0312,Sun–Sat7AM–10PM
500 Ashwood Pkwy,Dunwoody,GA,30338,US,(770) 522-5133,Sun–Sat7AM–10PM
15771 SW 152nd St,Miami,FL,33187,US,(305) 971-2168,Sun–Sat7AM–10PM
7777 N Wickham Rd,Melbourne,FL,32940,US,(321) 253-6142,Sun–Sat7AM–9PM
580 Atlanta Rd,Cumming,GA,30040,US,(770) 781-2040,Sun–Sat7AM–10PM
1112 Key Plaza,Key West,FL,33040,US,(305) 295-8045,Sun–Sat7AM–10PM
905 Memorial Dr SE,Atlanta,GA,30316,US,(404) 521-3992,Sun–Sat7AM–10PM
6525 Nova Dr,Davie,FL,33317,US,(954) 423-9599,Sun–Sat7AM–10PM
"130 Peachtree East Ct, Ste #4",Peachtree City,GA,30269,US,(770) 486-2020,Sun–Sat7AM–10PM
2235 Glenwood Ave SE,Atlanta,GA,30316,US,(404) 373-2858,Sun–Sat7AM–10PM
2750 Buford Hwy,Duluth,GA,30096,US,(770) 622-6750,Sun–Sat7AM–10PM
1200 Highway 74 S Ste 20,Peachtree City,GA,30269,US,(770) 486-0133,Sun–Sat7AM–10PM
840 Glynn St S,Fayetteville,GA,30214,US,(678) 817-5415,Sun–Sat7AM–10PM
911 Duluth Hwy,Lawrenceville,GA,30043,US,(770) 339-5600,Sun–Sat7AM–10PM
831 Auburn Rd,Dacula,GA,30019,US,(770) 682-2421,Sun–Sat7AM–10PM
250 E Atlanta Rd,Stockbridge,GA,30281,US,(770) 389-4666,Sun–Sat7AM–10PM
6055 Highway 124 W,Hoschton,GA,30548,US,(706) 654-5900,Sun–Sat7AM–10PM
3201 Macon Rd Ste 201,Columbus,GA,31906,US,(706) 561-2160,Sun–Sat7AM–10PM
6614 Charlotte Pike,Nashville,TN,37209,US,(615) 352-1055,Sun–Sat7AM–10PM
7604 Highway 70 S,Nashville,TN,37221,US,(615) 646-1870,Sun–Sat7AM–10PM
900 Pavilion Pkwy,Monroe,GA,30656,US,(678) 635-4316,Sun–Sat7AM–10PM
631 Brawley School Rd,Mooresville,NC,28117,US,(704) 660-6800,Sun–Sat7AM–9PM
3532 Murfreesboro Pike,Antioch,TN,37013,US,(615) 501-8250,Sun–Sat6:30AM–10PM
2035 Schillinger Rd N Ste 100,Semmes,AL,36575,US,(251) 264-6020,Sun–Sat7AM–9PM
1605 Beltline Rd SW,Decatur,AL,35601,US,(256) 301-0023,Sun–Sat7AM–10PM
165 Weaver Blvd,Weaverville,NC,28787,US,(828) 658-1020,Sun–Sat7AM–9PM
1830 Hendersonville Rd,Asheville,NC,28803,US,(828) 274-6287,Sun–Sat7AM–9PM
5850 Highway 53,Harvest,AL,35749,US,(256) 851-5958,Sun–Sat7AM–10PM
3415 Memorial Blvd,Murfreesboro,TN,37129,US,(615) 849-6254,Sun–Sat6:30AM–10PM
1355 N Ferdon Blvd,Crestview,FL,32536,US,(850) 682-0820,Sun–Sat7AM–10PM
8028 Highway 100,Nashville,TN,37221,US,(615) 673-2347,Sun–Sat7AM–9PM
5854 Dogwood Dr,Milton,FL,32570,US,(850) 626-2412,Sun–Sat7AM–10PM
1703 W Main St,Lebanon,TN,37087,US,(615) 444-2581,Sun–Sat7AM–10PM
1611 E Greenville St,Anderson,SC,29621,US,(864) 231-5240,Sun–Sat7AM–9PM
4650 W Main St Ste 700,Dothan,AL,36305,US,(334) 792-6801,Sun–Sat7AM–9PM
310 Pelham Ave SW,Huntsville,AL,35801,US,(256) 534-2330,Sun–Sat6:30AM–10PM
920 Hwy 76,Clarksville,TN,37043,US,(931) 358-2257,Sun–Sat7AM–10PM
1490 Tiny Town Rd,Clarksville,TN,37042,US,(931) 503-2551,Sun–Sat7AM–10PM
3141 Overton Rd,Mountain Brook,AL,35223,US,(205) 967-2188,Sun–Sat7AM–9PM
235 S Pleasantburg Dr,Greenville,SC,29607,US,(864) 250-4700,Sun–Sat7AM–9PM
12925 Albemarle Rd,Charlotte,NC,28227,US,(980) 365-7588,Sun–Sat7AM–10PM
2801 Wade Hampton Blvd Ste 120,Taylors,SC,29687,US,(864) 609-7300,Sun–Sat7AM–9PM
1100 E Cervantes St,Pensacola,FL,32501,US,(850) 434-3469,Sun–Sat7AM–10PM
852 Gulf Breeze Pkwy,Gulf Breeze,FL,32561,US,(850) 932-0113,Sun–Sat7AM–10PM
771 Harbor Blvd Unit 100,Destin,FL,32541,US,(850) 389-6014,Sun–Sat7AM–10PM
322 Cox Creek Pkwy,Florence,AL,35630,US,(256) 718-1790,Sun–Sat7AM–10PM
4400 Highway 9,Boiling Springs,SC,29316,US,(864) 381-6929,Sun–Sat7AM–9PM
403 Furys Ferry Rd,Martinez,GA,30907,US,(706) 650-3360,Sun–Sat7AM–10PM
23026 Panama City Beach Pkwy,Panama City Beach,FL,32413,US,(850) 233-4392,Sun–Sat7AM–10PM
11291 US Hwy 98 E,Inlet Beach,FL,32461,US,(850) 213-7031,Sun–Sat7AM–10PM
2000 Mirror Lake Blvd,Villa Rica,GA,30180,US,(678) 840-8778,Sun–Sat7AM–10PM
2419 Navy Blvd,Panama City Beach,FL,32408,US,(850) 236-4415,Sun–Sat7AM–9PM
11207 Lebanon Rd,Mount Juliet,TN,37122,US,(615) 758-4200,Sun–Sat7AM–9PM
34 Miller St,Winston-Salem,NC,27104,US,(336) 724-3707,Sun–Sat7AM–10PM
467 Pooler Pkwy,Pooler,GA,31322,US,(912) 330-7313,Sun–Sat7AM–10PM
15050 Sandpiper Ln,Naples,FL,34114,US,(239) 732-5978,Sun–Sat7AM–9PM
80 Baylor Dr,Bluffton,SC,29910,US,(843) 706-3049,Sun–Sat7AM–9PM
7101 Radio Rd,Naples,FL,34104,US,(239) 455-3001,Sun–Sat7AM–10PM
6 Westridge Rd,Savannah,GA,31411,US,(912) 598-3130,Sun–Sat7AM–9PM
255 NW Commons Loop,Lake City,FL,32055,US,(386) 719-5446,Sun–Sat7AM–10PM
171 Village At Glynn Pl Ste 100,Brunswick,GA,31525,US,(912) 261-4730,Sun–Sat7AM–10PM
2934 Point Mallard Pkwy SE,Decatur,AL,35603,US,(256) 351-5261,Sun–Sat7AM–10PM
665 S Mount Juliet Rd,Mount Juliet,TN,37122,US,(615) 773-0250,Sun–Sat7AM–9PM
228 E Blue Heron Blvd,Riviera Beach,FL,33404,US,(561) 841-3058,Sun–Sat7AM–10PM
828 Southern Blvd,West Palm Beach,FL,33405,US,(561) 832-1661,Sun–Sat7AM–10PM
2286 Zierdt Rd,Huntsville,AL,35824,US,(256) 774-3888,Sun–Sat7AM–9PM
1200 NW 76th Blvd,Gainesville,FL,32606,US,(352) 332-0661,Sun–Sat7AM–10PM
4075 N Haverhill Rd,West Palm Beach,FL,33417,US,(561) 683-0412,Sun–Sat7AM–10PM
9640 Leesville Rd,Raleigh,NC,27613,US,(919) 848-3480,Sun–Sat7AM–9PM
9855 Lake Worth Rd,Lake Worth,FL,33467,US,(561) 966-9111,Sun–Sat7AM–10PM
2771 Monument Rd Ste 19,Jacksonville,FL,32225,US,(904) 564-2448,Sun–Sat7AM–10PM
500 Belvedere Rd,West Palm Beach,FL,33405,US,(561) 659-2116,Sun–Sat7AM–10PM
4413 Town Center Pkwy Ste 100,Jacksonville,FL,32246,US,(904) 564-3632,Sun–Sat7AM–10PM
865 Hibernia Rd Ste 200,Fleming Island,FL,32003,US,(904) 529-1250,Sun–Sat7AM–9PM
3525 Ross Clark Cir Ste 100,Dothan,AL,36303,US,(334) 792-4281,Sun–Sat7AM–9PM
417 W Peace St Ste 100,Raleigh,NC,27603,US,(919) 755-5444,Sun–Sat7AM–10PM
2750 Race Track Rd,Saint Johns,FL,32259,US,(904) 230-3970,Sun–Sat7AM–10PM
10920 Baymeadows Rd,Jacksonville,FL,32256,US,(904) 538-3851,Sun–Sat7AM–10PM
214 N Dixie Hwy,Lake Worth,FL,33460,US,(561) 493-5042,Sun–Sat7AM–10PM
4765 Hodges Blvd,Jacksonville,FL,32224,US,(904) 223-0554,Sun–Sat7AM–10PM
2250 S Ferdon Blvd,Crestview,FL,32536,US,(850) 682-0942,Sun–Sat7AM–10PM
11920 Hwy 707 Ste A,Murrells Inlet,SC,29576,US,(843) 357-0739,Sun–Sat7AM–9PM
1944 Montgomery Hwy S,Birmingham,AL,35244,US,(205) 987-3401,Sun–Sat7AM–9PM
2543 John Hawkins Pkwy,Hoover,AL,35244,US,(205) 982-8506,Sun–Sat6:30AM–10PM
120 Marketside Ave,Ponte Vedra,FL,32081,US,(904) 825-0263,Sun–Sat7AM–10PM
4293 S Shades Crest Rd,Hoover,AL,35244,US,(205) 428-4923,Sun–Sat7AM–10PM
4730 Highway 17,Helena,AL,35080,US,(205) 620-0199,Sun–Sat6:30AM–10PM
84 Tuscan Way,Saint Augustine,FL,32092,US,(904) 940-2889,Sun–Sat7AM–10PM
7462 US Hwy 1 N,Saint Augustine,FL,32095,US,(904) 826-3537,Sun–Sat7AM–10PM
2765 NW 49th Ave Ste 301,Ocala,FL,34482,US,(352) 622-1318,Sun7AM–9PMMon–Sat7AM–10PM
9595 Commercial Way,Weeki Wachee,FL,34613,US,(352) 596-5081,Sun–Sat7AM–10PM
250 Plaza Blvd,Saint Augustine,FL,32086,US,(904) 808-9923,Sun–Sat7AM–10PM
11650 W Palmetto Park Rd,Boca Raton,FL,33428,US,(561) 470-9370,Sun–Sat7AM–10PM
5400 SW College Rd Ste 200,Ocala,FL,34474,US,(352) 873-1936,Sun7AM–9PMMon–Sat7AM–10PM
10701 Wiles Rd,Coral Springs,FL,33076,US,(954) 796-2090,Sun–Sat7AM–10PM
16130 Jog Rd,Delray Beach,FL,33446,US,(561) 495-1367,Sun–Sat7AM–10PM
303 SE 17th St Unit 201,Ocala,FL,34471,US,(352) 820-7005,Sun–Sat7AM–10PM
8245 NW 88th Ave,Tamarac,FL,33321,US,(954) 726-1990,Sun–Sat7AM–10PM
1170 Weston Rd,Weston,FL,33326,US,(954) 385-3013,Sun–Sat7AM–10PM
3035 SE Maricamp Rd,Ocala,FL,34471,US,(352) 351-2355,Sun–Sat7AM–10PM
9570 SW 62nd Avenue Rd,Ocala,FL,34476,US,(352) 351-2815,Sun–Sat7AM–10PM
3815 Tamiami Trl E,Naples,FL,34112,US,(239) 732-2102,Sun–Sat7AM–10PM
2685 N Forest Ridge Blvd,Hernando,FL,34442,US,(352) 527-6550,Sun–Sat7AM–9PM
13550 Immokalee Rd,Naples,FL,34120,US,(239) 455-1654,Sun–Sat7AM–10PM
5365 Lyons Rd,Coconut Creek,FL,33073,US,(954) 427-0563,Sun–Sat7AM–10PM
7578 SE Maricamp Rd Ste 100,Ocala,FL,34472,US,(352) 687-8200,Sun–Sat7AM–9PM
8780 SE 165th Mulberry Ln,The Villages,FL,32162,US,(352) 751-0301,Sun–Sat7AM–9PM
12500 W Sunrise Blvd,Sunrise,FL,33323,US,(954) 851-1000,Sun–Sat7AM–10PM
10301 S US Hwy 441,Belleview,FL,34420,US,(352) 347-0186,Sun–Sat7AM–10PM
2451 Cobbs Ford Rd,Prattville,AL,36066,US,(334) 285-0227,Sun–Sat7AM–9PM
9525 S Suncoast Blvd,Homosassa,FL,34446,US,(352) 382-1149,Sun–Sat7AM–9PM
5100 Dallas Hwy,Powder Springs,GA,30127,US,(770) 419-6000,Sun–Sat7AM–10PM
1566 Bella Cruz Dr,The Villages,FL,32159,US,(352) 751-4346,Sun–Sat7AM–9PM
7880 113th St,Seminole,FL,33772,US,(727) 393-9680,Sun–Sat7AM–10PM
1400 Pinehurst Dr,Spring Hill,FL,34606,US,(352) 610-5005,Sun–Sat7AM–10PM
4403 Towne Lake Pkwy,Woodstock,GA,30189,US,(770) 516-2040,Sun–Sat7AM–10PM
2300 McFarland Blvd,Northport,AL,35476,US,(205) 339-4232,Sun–Sat7AM–10PM
2925 Traverse Trl,The Villages,FL,32163,US,(352) 750-1056,Sun–Sat7AM–9PM
4567 Weston Rd,Weston,FL,33331,US,(954) 217-1195,Sun–Sat7AM–10PM
2200 Village Dr,Moody,AL,35004,US,(205) 640-3230,Sun–Sat7AM–9PM
7272 Gadsden Hwy,Trussville,AL,35173,US,(205) 661-1415,Sun–Sat7AM–10PM
1003 E Commercial Blvd,Oakland Park,FL,33334,US,(954) 491-9330,Sun–Sat7AM–10PM
5150 Old Springville Rd,Pinson,AL,35126,US,(205) 815-5224,Sun–Sat6:30AM–10PM
1114 Georgia Highway 96,Kathleen,GA,31047,US,(478) 987-6707,Sun–Sat7AM–10PM
13752 Little Rd,Hudson,FL,34667,US,(727) 861-1990,Sun–Sat7AM–9PM
3400 N Federal Hwy,Fort Lauderdale,FL,33306,US,(954) 564-9612,Sun–Sat7AM–10PM
14851 State Road 52,Hudson,FL,34669,US,(727) 856-0293,Sun–Sat7AM–10PM
5656 S Flamingo Rd,Cooper City,FL,33330,US,(954) 434-8240,Sun–Sat7AM–10PM
7037 Ridge Rd,Port Richey,FL,34668,US,(727) 844-3955,Sun–Sat7AM–10PM
198 Foothills Mall,Maryville,TN,37801,US,(865) 518-0971,Sun–Sat7AM–9PM
9850 Little Rd,New Port Richey,FL,34654,US,(727) 862-5866,Sun–Sat7AM–10PM
5127 US Highway 19,New Port Richey,FL,34652,US,(727) 848-6521,Sun–Sat7AM–10PM
5324 Little Rd,New Port Richey,FL,34655,US,(727) 375-5377,Sun–Sat7AM–10PM
25771 Perdido Beach Blvd,Orange Beach,AL,36561,US,(251) 980-1400,Sun–Sat7AM–10PM
14375 Miramar Pkwy,Miramar,FL,33027,US,(954) 447-9212,Sun–Sat7AM–10PM
40932 US Highway 19 N,Tarpon Springs,FL,34689,US,(727) 934-6535,Sun–Sat7AM–10PM
200 Charter Colony Pkwy,Midlothian,VA,23114,US,(804) 378-3222,Sun–Sat7AM–9PM
3100 Little Rd,Trinity,FL,34655,US,(727) 375-1179,Sun–Sat7AM–10PM
3685 W 85th Path,Hialeah,FL,33018,US,(786) 804-6444,Sun–Sat7AM–10PM
12855 NE 6th Ave,North Miami,FL,33161,US,(305) 891-1024,Sun–Sat7AM–10PM
1750 Woodruff Rd,Greenville,SC,29607,US,(864) 987-7080,Sun–Sat7AM–10PM
1950 N Highway 19,Eustis,FL,32726,US,(352) 357-4989,Sun–Sat7AM–9PM
27615 US Highway 27 # U,Leesburg,FL,34748,US,(352) 787-0440,Sun–Sat7AM–9PM
3339 W 80th St,Hialeah,FL,33018,US,(305) 819-2600,Sun–Sat7AM–10PM
7200 Cosby Village Rd,Chesterfield,VA,23832,US,(804) 639-6525,Sun–Sat7AM–10PM
1400 W Georgia Rd,Simpsonville,SC,29680,US,(864) 962-1183,Sun–Sat7AM–10PM
1478 W Granada Blvd,Ormond Beach,FL,32174,US,(386) 673-5380,Sun–Sat7AM–10PM
3715 Wahoo Falls Trace,Gainesville,GA,30506,US,(470) 892-3127,Sun–Sat7AM–10PM
1700 NE Miami Gardens Dr,North Miami Beach,FL,33179,US,(305) 945-7119,Sun–Sat7AM–10PM
2061 Experiment Station Rd,Watkinsville,GA,30677,US,(706) 769-2080,Sun–Sat7AM–10PM
5400 Wyndham Forest Dr,Glen Allen,VA,23059,US,(804) 527-5334,Sun–Sat7AM–9PM
3480 Keith Bridge Rd,Cumming,GA,30041,US,(678) 455-0610,Sun–Sat7AM–10PM
501 Gervais St,Columbia,SC,29201,US,(803) 255-4351,Sun–Sat7AM–10PM
13850 SW 8th St,Miami,FL,33184,US,(305) 221-1924,Sun–Sat7AM–10PM
2121 Collier Pkwy,Land O Lakes,FL,34639,US,(813) 948-9819,Sun–Sat7AM–10PM
1005 Gateway Blvd,Boynton Beach,FL,33426,US,(561) 732-6148,Sun–Sat7AM–10PM
12500 State Rd 54,Odessa,FL,33556,US,(727) 375-5249,Sun–Sat7AM–10PM
2715 Loganville Hwy SW,Loganville,GA,30052,US,(770) 822-0637,Sun–Sat7AM–10PM
178 Virginia Way,Jasper,GA,30143,US,(706) 301-7235,Sun–Sat7AM–10PM
120 Prominence Point Pkwy,Canton,GA,30114,US,(770) 345-5389,Sun–Sat7AM–10PM
299 E International Speedway Blvd,DeLand,FL,32724,US,(386) 734-7112,Sun–Sat7AM–10PM
123 Honeybell Way,Jupiter,FL,33458,US,(561) 748-5100,Sun–Sat7AM–10PM
11200 S Military Trl,Golf,FL,33436,US,(561) 903-3141,Sun–Sat7AM–10PM
10935 S Jog Rd,Boynton Beach,FL,33437,US,(561) 731-2900,Sun–Sat7AM–10PM
4771 W Atlantic Ave,Delray Beach,FL,33445,US,(561) 865-3480,Sun–Sat7AM–10PM
1525 SW 107th Ave,Miami,FL,33174,US,(305) 552-8733,Sun–Sat7AM–10PM
311 SW 7th St,Miami,FL,33130,US,(305) 860-9477,Sun–Sat7AM–10PM
2431 S Woodland Blvd,DeLand,FL,32720,US,(386) 740-0014,Sun–Sat7AM–10PM
8701 W Hillsborough Ave,Tampa,FL,33615,US,(813) 886-7693,Sun–Sat7AM–10PM
4870 Biscayne Blvd,Miami,FL,33137,US,(305) 573-8601,Sun–Sat7AM–10PM
10201 Hammocks Blvd Ste 111,Miami,FL,33196,US,(305) 382-3002,Sun–Sat7AM–10PM
4141 N Federal Hwy,Boca Raton,FL,33431,US,(561) 361-0529,Sun–Sat7AM–10PM
121 SW 22nd Ave,Miami,FL,33135,US,(305) 541-3265,Sun–Sat7AM–10PM
411 S Cypress Rd,Pompano Beach,FL,33060,US,(954) 784-3277,Sun–Sat7AM–10PM
3251 Hollywood Blvd,Hollywood,FL,33021,US,(954) 964-5005,Sun–Sat7AM–10PM
4601 Lindsey Crossing,Panama City,FL,32404,US,(850) 772-6111,Sun–Sat7AM–9PM
2090 Baker Rd NW,Kennesaw,GA,30144,US,(678) 331-8750,Sun–Sat7AM–10PM
10801 Starkey Rd Ste 200,Seminole,FL,33777,US,(727) 397-4223,Sun–Sat7AM–10PM
2511 E Atlantic Blvd,Pompano Beach,FL,33062,US,(954) 786-7964,Sun–Sat7AM–10PM
9420 SW 56th St,Miami,FL,33165,US,(305) 595-4502,Sun–Sat7AM–10PM
80 Seven Hills Blvd,Dallas,GA,30132,US,(770) 975-6786,Sun–Sat7AM–10PM
9041 SW 107th Ave,Miami,FL,33176,US,(305) 273-2185,Sun–Sat7AM–10PM
3080 W Kelly Park Rd,Apopka,FL,32712,US,(407) 464-0804,Sun–Sat7AM–10PM
1657 N Hiatus Rd,Pembroke Pines,FL,33026,US,(954) 442-7391,Sun–Sat7AM–10PM
12100 SW 127th Ave,Miami,FL,33186,US,(305) 238-1019,Sun–Sat7AM–10PM
2270 SW 27th Ave,Miami,FL,33145,US,(305) 445-9661,Sun–Sat7AM–10PM
13900 County Road 455,Clermont,FL,34711,US,(407) 877-1545,Sun–Sat7AM–10PM
3883 Wekiva Springs Rd,Longwood,FL,32779,US,(407) 788-1804,Sun–Sat7AM–9PM
6551 N Orange Blossom Trl Ste 155,Mount Dora,FL,32757,US,(352) 383-0740,Sun–Sat7AM–9PM
134 SW 13th St,Miami,FL,33130,US,(305) 860-2280,Sun–Sat7AM–10PM
6603 Mechanicsville Tpke,Mechanicsville,VA,23111,US,(804) 569-3902,Sun–Sat7AM–9PM
1700 Sheridan St,Hollywood,FL,33020,US,(954) 927-5680,Sun–Sat7AM–10PM
8975 Race Track Rd,Tampa,FL,33635,US,(813) 855-7913,Sun–Sat7AM–10PM
1401 Monza Ave,Coral Gables,FL,33146,US,(305) 667-1681,Sun–Sat7AM–10PM
33343 US Highway 19 N,Palm Harbor,FL,34684,US,(727) 789-1920,Sun–Sat7AM–10PM
2801 E County Line Rd,Lutz,FL,33559,US,(813) 949-2812,Sun–Sat7AM–10PM
1727 Mars Hill Rd NW,Acworth,GA,30101,US,(770) 218-2420,Sun–Sat7AM–10PM
540 S Hunt Club Blvd,Apopka,FL,32703,US,(407) 862-5255,Sun–Sat7AM–10PM
7975 State Road 50,Groveland,FL,34736,US,(352) 429-0233,Sun–Sat7AM–10PM
1560 Market Place Blvd,Ocean Isle Beach,NC,28469,US,(910) 393-2059,Sun–Sat7AM–9PM
200 Island Way,Clearwater,FL,33767,US,(727) 298-8618,Sun–Sat7AM–10PM
525 S Belcher Rd,Clearwater,FL,33764,US,(727) 791-0138,Sun–Sat7AM–10PM
10496 Roosevelt Blvd N,Saint Petersburg,FL,33716,US,(727) 576-5858,Sun–Sat7AM–10PM
5400 Hamlin Groves Trail,Winter Garden,FL,34787,US,(407) 654-6157,Sun–Sat7AM–10PM
1555 S Highland Ave,Clearwater,FL,33756,US,(727) 442-5511,Sun–Sat7AM–10PM
4315 W Gandy Blvd,Tampa,FL,33611,US,(813) 831-6890,Sun–Sat7AM–10PM
2430 US Highway 27,Clermont,FL,34714,US,(352) 243-5279,Sun–Sat7AM–10PM
3939 Van Dyke Rd,Lutz,FL,33558,US,(813) 264-5591,Sun–Sat7AM–10PM
81 Alafaya Woods Blvd,Oviedo,FL,32765,US,(407) 603-4222,Sun–Sat7AM–10PM
1921 N Belcher Rd,Clearwater,FL,33763,US,(727) 712-3450,Sun–Sat7AM–10PM
775 Hwy 559,Auburndale,FL,33823,US,(863) 984-0510,Sun–Sat7AM–10PM
1700 N Monroe St,Tallahassee,FL,32303,US,(850) 222-1975,Sun–Sat7AM–10PM
5655 Circa Fishhawk Blvd,Lithia,FL,33547,US,(813) 654-0531,Sun–Sat7AM–10PM
51 E Paulding Dr,Dallas,GA,30157,US,(770) 505-5838,Sun–Sat7AM–10PM
5052 N Highway 41,Apollo Beach,FL,33572,US,(813) 641-2377,Sun–Sat7AM–10PM
5015 Floyd Rd SW,Mableton,GA,30126,US,(770) 819-5430,Sun–Sat7AM–10PM
101499 Overseas Hwy,Key Largo,FL,33037,US,(305) 434-9446,Sun–Sat7AM–10PM
7835 Gunn Hwy,Tampa,FL,33626,US,(813) 926-6664,Sun–Sat7AM–10PM
3775 Battlefield Pkwy,Ringgold,GA,30736,US,(706) 858-6568,Sun–Sat7AM–9PM
617 US Highway 17 92 W,Haines City,FL,33844,US,(863) 419-0331,Sun–Sat7AM–10PM
7326 McCutcheon Rd,Chattanooga,TN,37421,US,(423) 855-1376,Sun–Sat7AM–10PM
2556 Enterprise Rd Ste 100,Orange City,FL,32763,US,(386) 774-8255,Sun–Sat7AM–10PM
8300 Bee Ridge Rd,Sarasota,FL,34241,US,(941) 371-4276,Sun–Sat7AM–9PM
980 Birmingham Rd Ste 100,Alpharetta,GA,30004,US,(770) 751-5543,Sun–Sat7AM–10PM
125 E Merritt Island Cswy,Merritt Island,FL,32952,US,(321) 452-0288,Sun7AM–9PMMon–Sat7AM–10PM
4269 Roswell Rd Bldg 100 Ste 108-112,Marietta,GA,30062,US,(770) 579-1620,Sun–Sat7AM–10PM
250 Citrus Tower Blvd,Clermont,FL,34711,US,(352) 241-6670,Sun–Sat7AM–10PM
7018 W Waters Ave,Tampa,FL,33634,US,(813) 884-3764,Sun–Sat7AM–10PM
19034 Bruce B. Downs Blvd,Tampa,FL,33647,US,(813) 631-1911,Sun–Sat7AM–10PM
19451 Cochran Blvd Unit 2000,Port Charlotte,FL,33948,US,(941) 235-2266,Sun–Sat7AM–10PM
9201 Oakhurst Rd,Seminole,FL,33776,US,(727) 593-7794,Sun–Sat7AM–10PM
1100 Johnson Ferry Rd,Marietta,GA,30068,US,(770) 509-2350,Sun–Sat7AM–9PM
3941 Tamiami Trl Unit 3145,Punta Gorda,FL,33950,US,(941) 575-0793,Sun–Sat7AM–10PM
3551 US Highway 441 S,Okeechobee,FL,34974,US,(863) 763-3500,Sun7AM–9PMMon–Sat7AM–10PM
10650 Avalon Rd,Winter Garden,FL,34787,US,(407) 550-9012,Sun–Sat7AM–10PM
7525 Roswell Rd,Sandy Springs,GA,30350,US,(678) 443-8980,Sun–Sat7AM–10PM
16980 Alico Mission Way Ste 403,Fort Myers,FL,33908,US,(239) 489-0134,Sun–Sat7AM–9PM
10400 SW Village Center Dr,Port Saint Lucie,FL,34987,US,(772) 345-9900,Sun–Sat7AM–10PM
1125 SE Port St Lucie Blvd,Port Saint Lucie,FL,34952,US,(772) 335-8441,Sun–Sat7AM–10PM
24540 John T Reid Pkwy,Scottsboro,AL,35768,US,(256) 672-6056,Sun–Sat7AM–9PM
746 SW Federal Hwy,Stuart,FL,34994,US,(772) 221-3922,Sun–Sat7AM–9PM
11200 Tamiami Trl N,Naples,FL,34110,US,(239) 592-5005,Sun–Sat7AM–9PM
12290 Hwy 231/431 N,Meridianville,AL,35759,US,(256) 804-4042,Sun–Sat7AM–9PM
5893 SE Federal Hwy,Stuart,FL,34997,US,(772) 403-6329,Sun–Sat7AM–10PM
8585 Collier Blvd,Naples,FL,34114,US,(239) 774-5080,Sun–Sat7AM–9PM
12663 Tamiami Trl E,Naples,FL,34113,US,(239) 775-7383,Sun–Sat7AM–10PM
3213 W Hwy 390,Panama City,FL,32405,US,(850) 772-6596,Sun–Sat7AM–9PM
1089 N Collier Blvd Ste 401,Marco Island,FL,34145,US,(239) 642-2202,Sun–Sat7AM–9PM
3838 Britton Plaza,Tampa,FL,33611,US,(813) 835-1280,Sun–Sat7AM–10PM
234 Gateway Crossing Pkwy,Hoschton,GA,30548,US,(706) 471-5334,Sun–Sat7AM–10PM
101 Tormenta Way,Statesboro,GA,30458,US,(912) 681-6150,Sun–Sat7AM–10PM
10130 Northlake Blvd,West Palm Beach,FL,33412,US,(561) 799-6802,Sun–Sat7AM–10PM
2675 Lee Rd,Lithia Springs,GA,30122,US,(770) 920-3471,Sun–Sat7AM–10PM
3550 Centerville Hwy Ste 201,Snellville,GA,30039,US,(770) 736-7800,Sun–Sat7AM–10PM
5450 E Busch Blvd,Temple Terrace,FL,33617,US,(813) 984-6411,Sun–Sat7AM–10PM
1005 N State Rd 434 Ste 1020,Altamonte Springs,FL,32714,US,(407) 551-1423,Sun–Sat7AM–10PM
374 Northlake Blvd,Lake Park,FL,33408,US,(561) 842-1193,Sun–Sat7AM–10PM
4650 Hugh Howell Rd Bldg 100,Tucker,GA,30084,US,(770) 934-4799,Sun–Sat7AM–10PM
8863 W Colonial Dr,Ocoee,FL,34761,US,(407) 299-4550,Sun–Sat7AM–10PM
375 S Rosemary Ave,West Palm Beach,FL,33401,US,(561) 651-7787,Sun–Sat7AM–10PM
11977 Southern Blvd,Royal Palm Beach,FL,33411,US,(561) 792-2100,Sun–Sat7AM–10PM
2900 Peachtree Rd NW,Atlanta,GA,30305,US,(404) 848-0330,Sun–Sat6AM–10PM
2015 Edgewater Dr,Orlando,FL,32804,US,(407) 872-0173,Sun–Sat7AM–10PM
1250 W Paces Ferry Rd NW,Atlanta,GA,30327,US,(404) 848-1610,Sun–Sat7AM–10PM
1000 Peachtree Industrial Blvd,Suwanee,GA,30024,US,(770) 932-4300,Sun–Sat7AM–10PM
4957 Hwy 34 E,Sharpsburg,GA,30277,US,(678) 633-6140,Sun–Sat7AM–10PM
8340 S Jog Rd,Boynton Beach,FL,33472,US,(561) 734-6252,Sun–Sat7AM–9PM
5550 Chamblee Dunwoody Rd,Dunwoody,GA,30338,US,(678) 443-0644,Sun–Sat6:30AM–10PM
4849 S Military Trl,Greenacres,FL,33463,US,(561) 304-2727,Sun–Sat7AM–10PM
2955 Atlanta Rd SE,Smyrna,GA,30080,US,(770) 319-1123,Sun–Sat7AM–10PM
250 3rd St S,Saint Petersburg,FL,33701,US,(727) 822-1125,Sun–Sat7AM–10PM
18901 State Road 54,Lutz,FL,33558,US,(813) 948-1275,Sun–Sat7AM–10PM
4770 N Congress Ave,Boynton Beach,FL,33426,US,(561) 868-5530,Sun–Sat7AM–10PM
9239 W Atlantic Ave,Delray Beach,FL,33446,US,(561) 498-1285,Sun–Sat7AM–10PM
3730 Carmia Dr SW Ste 200,Atlanta,GA,30331,US,(404) 346-9253,Sun–Sat7AM–10PM
1050 E Piedmont Rd Ste 130,Marietta,GA,30062,US,(770) 509-3980,Sun–Sat7AM–10PM
5295 34th St S,Saint Petersburg,FL,33711,US,(727) 864-0079,Sun–Sat7AM–10PM
4935 Main St,Spring Hill,TN,37174,US,(615) 302-4068,Sun–Sat7AM–9PM
13860 S Jog Rd,West Delray Beach,FL,33446,US,(561) 498-2229,Sun–Sat7AM–9PM
3385 S US Highway 17/92 Suite 181,Casselberry,FL,32707,US,(407) 831-2020,Sun–Sat7AM–10PM
5475 Bethelview Rd,Cumming,GA,30040,US,(678) 455-1232,Sun–Sat7AM–10PM
3605 Sandy Plains Rd Ste 200,Marietta,GA,30066,US,(770) 578-6000,Sun–Sat7AM–10PM
3695 Cascade Rd SW,Atlanta,GA,30331,US,(404) 505-2870,Sun–Sat7AM–10PM
7375 Atlantic Ave,Delray Beach,FL,33446,US,(561) 498-2221,Sun–Sat7AM–9PM
3003 Yamato Rd Ste C9,Boca Raton,FL,33434,US,(561) 241-5005,Sun–Sat7AM–10PM
21230 Saint Andrews Blvd,Boca Raton,FL,33433,US,(561) 544-2422,Sun–Sat7AM–10PM
11 Palmetto Bay Rd,Hilton Head Island,SC,29928,US,(843) 842-2632,Sun–Sat7AM–10PM
5050 Champion Blvd,Boca Raton,FL,33496,US,(561) 981-5390,Sun–Sat7AM–10PM
4305 State Bridge Rd,Alpharetta,GA,30022,US,(770) 751-7991,Sun–Sat7AM–10PM
8160 Wiles Rd,Coral Springs,FL,33067,US,(954) 688-5340,Sun–Sat7AM–10PM
4760 W Hillsboro Blvd,Coconut Creek,FL,33073,US,(954) 422-5485,Sun–Sat7AM–10PM
9515 Vaughn Rd,Pike Road,AL,36064,US,(334) 694-5802,Sun–Sat7AM–10PM
6570 N State Road 7,Coconut Creek,FL,33073,US,(954) 425-0400,Sun–Sat7AM–10PM
7700 Vaughn Rd,Montgomery,AL,36116,US,(334) 290-4920,Sun–Sat7AM–10PM
1337 S Military Trl,Deerfield Beach,FL,33442,US,(954) 427-5828,Sun–Sat7AM–10PM
13031 Walsingham Rd,Largo,FL,33774,US,(727) 517-0847,Sun–Sat7AM–10PM
104 Town Blvd Ste A100,Brookhaven,GA,30319,US,(404) 233-7475,Sun–Sat7AM–10PM
9300 W Commercial Blvd,Sunrise,FL,33351,US,(954) 748-0418,Sun–Sat7AM–10PM
1400 AL Hwy 14,Millbrook,AL,36054,US,(334) 604-4819,Sun–Sat7AM–10PM
7333 Park Blvd N,Pinellas Park,FL,33781,US,(727) 546-5866,Sun–Sat7AM–10PM
5881 N University Dr,Tamarac,FL,33321,US,(954) 721-7800,Sun–Sat7AM–10PM
7838 Gall Blvd,Zephyrhills,FL,33541,US,(813) 783-6871,Sun–Sat7AM–10PM
10155 W Oakland Park Blvd,Sunrise,FL,33351,US,(954) 748-5300,Sun–Sat7AM–10PM
425 Emissary Dr,Cary,NC,27519,US,(919) 388-7201,Sun–Sat7AM–9PM
1297 S State Road 7,North Lauderdale,FL,33068,US,(954) 973-3337,Sun–Sat7AM–10PM
10411 Ulmerton Rd,Largo,FL,33771,US,(727) 588-1285,Sun–Sat7AM–10PM
1140 SW 36th Ave,Pompano Beach,FL,33069,US,(954) 975-0119,Sun–Sat7AM–10PM
1545 Rock Springs Rd,Apopka,FL,32712,US,(407) 880-4040,Sun–Sat7AM–10PM
2450 N Federal Hwy,Lighthouse Point,FL,33064,US,(954) 784-3011,Sun–Sat7AM–10PM
9518 Argyle Forest Blvd,Jacksonville,FL,32222,US,(904) 317-5755,Sun–Sat7AM–10PM
4495 Roosevelt Blvd Ste 103,Jacksonville,FL,32210,US,(904) 388-0512,Sun–Sat7AM–10PM
8101 W Sunrise Blvd,Plantation,FL,33322,US,(954) 452-1362,Sun–Sat7AM–10PM
20425 Old Cutler Rd,Cutler Bay,FL,33189,US,(305) 235-2214,Sun–Sat7AM–10PM
6921 W Broward Blvd,Plantation,FL,33317,US,(954) 327-9705,Sun–Sat7AM–10PM
950 E Commercial Blvd,Oakland Park,FL,33334,US,(954) 776-5435,Sun–Sat7AM–10PM
19441 Sheridan St,Fort Lauderdale,FL,33332,US,(954) 434-1668,Sun–Sat7AM–10PM
100 W Oakland Park Blvd,Wilton Manors,FL,33311,US,(954) 565-4891,Sun–Sat7AM–10PM
482 E Altamonte Dr Ste 1005,Altamonte Springs,FL,32701,US,(407) 260-9973,Sun–Sat7AM–10PM
675 Longwood Hills Rd Unit 1001,Longwood,FL,32750,US,(321) 207-3311,Sun–Sat7AM–10PM
4703 N Ocean Dr,Sea Ranch Lakes,FL,33308,US,(954) 784-3707,Sun–Sat7AM–10PM
3900 66th St N,Saint Petersburg,FL,33709,US,(727) 343-2879,Sun–Sat7AM–10PM
2401 W Azeele St,Tampa,FL,33609,US,(813) 250-0129,Sun–Sat7AM–10PM
1105 E Twiggs St,Tampa,FL,33602,US,(813) 221-1641,Sun–Sat7AM–10PM
2730 Highway 155,Locust Grove,GA,30248,US,(770) 288-4180,Sun–Sat7AM–10PM
2155 Limestone Ridge NE,Gainesville,GA,30501,US,(678) 971-6207,Sun–Sat7AM–10PM
2501 E Sunrise Blvd,Fort Lauderdale,FL,33304,US,(954) 390-0225,Sun–Sat7AM–10PM
503 E Altamonte Dr,Altamonte Springs,FL,32701,US,(321) 207-7128,Sun–Sat7AM–10PM
1750 N Federal Hwy,Fort Lauderdale,FL,33305,US,(954) 847-8601,Sun–Sat7AM–10PM
13401 S Dixie Hwy,Pinecrest,FL,33156,US,(305) 251-0911,Sun–Sat7AM–10PM
920 Highway 81 E,McDonough,GA,30252,US,(770) 898-1213,Sun–Sat7AM–10PM
3102 Griffin Rd,Dania Beach,FL,33312,US,(954) 961-0717,Sun–Sat7AM–10PM
851 S State Road 434,Altamonte Springs,FL,32714,US,(407) 522-1100,Sun–Sat7AM–10PM
1940 Cordova Rd,Fort Lauderdale,FL,33316,US,(954) 847-2844,Sun–Sat7AM–10PM
9359 Sheridan St,Cooper City,FL,33024,US,(954) 433-2262,Sun–Sat7AM–10PM
5211 Sheridan St,Hollywood,FL,33021,US,(954) 987-6331,Sun–Sat7AM–10PM
5885 Cumming Hwy,Sugar Hill,GA,30518,US,(770) 614-8860,Sun–Sat7AM–10PM
9951 Miramar Pkwy,Miramar,FL,33025,US,(954) 437-6124,Sun–Sat7AM–10PM
32265 Overpass Rd,Wesley Chapel,FL,33545,US,(813) 953-4409,Sun–Sat7AM–10PM
402 E Dania Beach Blvd,Dania Beach,FL,33004,US,(954) 920-4289,Sun–Sat7AM–10PM
6001 N Nebraska Ave,Tampa,FL,33604,US,(813) 238-7720,Sun–Sat7AM–10PM
949 E Bloomingdale Ave,Brandon,FL,33511,US,(813) 654-2598,Sun–Sat7AM–10PM
1585 W 49th St,Hialeah,FL,33012,US,(305) 828-2180,Sun–Sat7AM–10PM
1700 N Blvd,Tampa,FL,33607,US,(813) 462-4243,Sun–Sat7AM–10PM
1740 Polk St,Hollywood,FL,33020,US,(954) 927-7879,Sun–Sat7AM–10PM
242 N Orlando Ave,Maitland,FL,32751,US,(407) 599-0202,Sun–Sat7AM–10PM
3801-E Clemson Blvd,Anderson,SC,29621,US,(864) 231-1170,Sun–Sat7AM–9PM
19955 NW 2nd Ave,Miami Gardens,FL,33169,US,(305) 654-5771,Sun–Sat7AM–10PM
555 Channelside Dr,Tampa,FL,33602,US,(813) 221-4121,Sun–Sat7AM–10PM
108 Pavilion Pkwy,Fayetteville,GA,30214,US,(770) 460-4100,Sun–Sat7AM–10PM
1400 E Hallandale Beach Blvd,Hallandale Beach,FL,33009,US,(954) 454-6440,Sun–Sat7AM–10PM
2952 Aventura Blvd,Aventura,FL,33180,US,(305) 792-1429,Sun–Sat7AM–10PM
375 Rockbridge Rd NW,Lilburn,GA,30047,US,(770) 806-4040,Sun–Sat7AM–10PM
120 Carillon Pkwy,Saint Petersburg,FL,33716,US,(727) 540-1660,Sun–Sat7AM–10PM
12101 Little Rd,Hudson,FL,34667,US,(727) 819-2013,Sun–Sat7AM–10PM
4701 Park Blvd N,Pinellas Park,FL,33781,US,(727) 546-4870,Sun–Sat7AM–10PM
2886 Alternate US 19,Palm Harbor,FL,34683,US,(727) 781-7481,Sun–Sat7AM–10PM
18320 Collins Avenue,Sunny Isles Beach,FL,33160,US,(305) 935-1556,Sun–Sat7AM–10PM
8455 NW 53rd Terrace,Doral,FL,33166,US,(305) 594-5574,Sun–Sat7AM–10PM
1101 8th Ave W,Palmetto,FL,34221,US,(941) 721-8548,Sun–Sat7AM–10PM
4870 S Apopka Vineland Rd,Orlando,FL,32819,US,(407) 909-8080,Sun–Sat7AM–10PM
4351 S Highway 27,Clermont,FL,34711,US,(352) 394-4437,Sun–Sat7AM–10PM
15750 SW 72nd St,Miami,FL,33193,US,(305) 383-6990,Sun–Sat7AM–10PM
5715 NW 7th St,Miami,FL,33126,US,(305) 266-1733,Sun–Sat7AM–10PM
1685 N Hancock Rd,Minneola,FL,34715,US,(352) 241-9002,Sun–Sat7AM–10PM
8680 SW 24th St,Miami,FL,33155,US,(305) 559-8030,Sun–Sat7AM–10PM
4606 S Kirkman Rd,Orlando,FL,32811,US,(407) 293-7673,Sun–Sat7AM–10PM
11495 Bird Rd,Miami,FL,33165,US,(305) 553-5392,Sun–Sat7AM–10PM
8250 Mills Dr,Miami,FL,33183,US,(305) 274-2420,Sun–Sat7AM–10PM
2200 Vernon St,Lagrange,GA,30240,US,(706) 443-7764,Sun–Sat7AM–9PM
1420 NW North River Dr Ste 110,Miami,FL,33125,US,(305) 324-3300,Sun–Sat7AM–10PM
9105 S Dadeland Blvd,Miami,FL,33156,US,(305) 670-8929,Sun–Sat7AM–10PM
1100 6th St,Miami Beach,FL,33139,US,(305) 535-2212,Sun–Sat7AM–10PM
18280 SW 147th Ave,Miami,FL,33187,US,(305) 256-3102,Sun–Sat7AM–10PM
891 N Homestead Blvd,Homestead,FL,33030,US,(305) 242-1500,Sun–Sat7AM–10PM
2950 NE 8th St,Homestead,FL,33033,US,(305) 242-2679,Sun–Sat7AM–10PM
1000 Jemison Ln,Mountain Brook,AL,35223,US,(205) 802-9189,Sun–Sat7AM–9PM
3350 Morgan Dr,Vestavia Hills,AL,35216,US,(205) 978-9842,Sun–Sat7AM–9PM
3316 N Roosevelt Blvd,Key West,FL,33040,US,(305) 296-2225,Sun–Sat7AM–10PM
1288 Grants Mill Rd,Irondale,AL,35210,US,(205) 905-3598,Sun–Sat7AM–10PM
5407 Overseas Hwy,Marathon,FL,33050,US,(305) 289-2920,Sun–Sat7AM–10PM
620 Virginia Ave. North,Tifton,GA,31794,US,(229) 386-1166,Sun–Sat7AM–10PM
3642 Savannah Hwy Ste 132,Johns Island,SC,29455,US,(843) 573-8734,Sun–Sat7AM–10PM
1411 Folly Rd Ste 100,Charleston,SC,29412,US,(843) 762-5570,Sun–Sat7AM–10PM
3370 Sugarloaf Pkwy,Lawrenceville,GA,30044,US,(678) 376-3844,Sun–Sat7AM–10PM
4045 Five Forks Trickum Rd SW,Lilburn,GA,30047,US,(770) 381-4170,Sun–Sat7AM–10PM
380 N Deshon Rd,Stone Mountain,GA,30087,US,(770) 879-2700,Sun–Sat7AM–10PM
7334 Spout Springs Rd,Flowery Branch,GA,30542,US,(770) 967-1249,Sun–Sat7AM–10PM
720 Dacula Rd,Dacula,GA,30019,US,(770) 822-5959,Sun–Sat7AM–10PM
2400 Jonesboro Rd,Hampton,GA,30228,US,(470) 369-9579,Sun–Sat7AM–10PM
2095 Highway 211 NW,Braselton,GA,30517,US,(678) 425-6200,Sun–Sat7AM–10PM
2880 Georgia Highway 212 SW,Conyers,GA,30094,US,(770) 918-2512,Sun–Sat7AM–10PM
1639 Bradley Park Dr Ste 600,Columbus,GA,31904,US,(706) 571-3420,Sun–Sat7AM–10PM
1147 US Hwy 231 S,Troy,AL,36081,US,(334) 807-5761,Sun–Sat7AM–9PM
1617 US Hwy 98 S,Lakeland,FL,33801,US,(863) 413-0626,Sun–Sat7AM–10PM
2222 South Blvd,Charlotte,NC,28203,US,(704) 373-2122,Sun–Sat7AM–10PM
21 Shell St,Saraland,AL,36571,US,(251) 679-2995,Sun–Sat7AM–9PM
9124 Cottage Hill Rd,Mobile,AL,36695,US,(251) 634-5141,Sun–Sat7AM–10PM
1521 E King Ave,Kingsland,GA,31548,US,(912) 540-4165,Sun–Sat7AM–10PM
520 Folly Rd,Charleston,SC,29412,US,(843) 762-5670,Sun–Sat7AM–9PM
8989 Okeechobee Blvd,West Palm Beach,FL,33411,US,(561) 792-2113,Sun–Sat7AM–10PM
2246 Winchester Rd NE,Huntsville,AL,35811,US,(256) 851-5807,Sun–Sat7AM–9PM
2429 University Commons Way,Knoxville,TN,37919,US,(865) 522-6313,Sun–Sat7AM–10PM
11240 Panama City Beach Pkwy,Panama City Beach,FL,32407,US,(850) 236-4515,Sun–Sat7AM–10PM
825 Rinehart Rd,Lake Mary,FL,32746,US,(407) 322-9985,Sun–Sat7AM–10PM
5180 McGinnis Ferry Rd,Alpharetta,GA,30005,US,(770) 360-1025,Sun–Sat7AM–10PM
3200 Holcomb Bridge Rd,Peachtree Corners,GA,30092,US,(770) 417-5100,Sun–Sat7AM–10PM
165 MCS Blvd,Sylacauga,AL,35150,US,(256) 487-0098,Sun–Sat7AM–9PM
2501 May River Crossing,Bluffton,SC,29910,US,(843) 815-3800,Sun–Sat7AM–10PM
3114 Raeford Rd,Fayetteville,NC,28303,US,(910) 321-0114,Sun–Sat7AM–10PM
704 Fairview Rd,Simpsonville,SC,29680,US,(864) 962-1030,Sun–Sat7AM–10PM
11585 Jones Bridge Rd Ste 500,Johns Creek,GA,30022,US,(770) 751-4580,Sun–Sat7AM–10PM
4000 N Hwy 29,Newnan,GA,30265,US,(678) 633-6167,Sun–Sat7AM–10PM
725 Grand Blvd,Sandestin,FL,32550,US,(850) 622-2326,Sun–Sat7AM–10PM
2300 Trenton Rd,Clarksville,TN,37040,US,(931) 553-5067,Sun–Sat7AM–10PM
2700 Woodruff Rd,Simpsonville,SC,29681,US,(864) 234-3860,Sun–Sat7AM–10PM
13589 State Rd 54,Odessa,FL,33556,US,(813) 926-1182,Sun–Sat7AM–10PM
20951 Old Cutler Rd,Cutler Bay,FL,33189,US,(305) 256-8305,Sun–Sat7AM–10PM
17400 N Alternate A1A,Jupiter,FL,33477,US,(561) 741-6060,Sun–Sat7AM–10PM
7883 Village Center N,Sherrills Ford,NC,28673,US,(828) 478-2644,Sun–Sat7AM–10PM
2845 County Road 210 W,Saint Johns,FL,32259,US,(904) 230-3939,Sun–Sat7AM–10PM
2720 E Ponce de Leon Ave,Decatur,GA,30030,US,(404) 378-9225,Sun–Sat7AM–10PM
3521 Thomasville Rd,Tallahassee,FL,32309,US,(850) 893-0137,Sun–Sat7AM–10PM
16041 Tampa Palms Blvd W,Tampa,FL,33647,US,(813) 972-2784,Sun–Sat7AM–10PM
10005 Ballardsville Rd,Louisville,KY,40241,US,(502) 302-7925,Sun–Sat7AM–10PM
885 Woodstock Rd Ste 100,Roswell,GA,30075,US,(770) 552-4580,Sun–Sat7AM–10PM
9925 Haynes Bridge Rd,Johns Creek,GA,30022,US,(770) 751-7980,Sun–Sat7AM–10PM
12165 Highway 92,Woodstock,GA,30188,US,(770) 517-1600,Sun–Sat7AM–10PM
3507 Baker Rd NW Ste 300,Acworth,GA,30101,US,(770) 917-4600,Sun–Sat7AM–10PM
3500 Hwy 155 N,McDonough,GA,30252,US,(770) 288-8588,Sun–Sat7AM–10PM
4425 Randolph Rd,Charlotte,NC,28211,US,(704) 367-5208,Sun–Sat7AM–10PM
1274 Nexton Pkwy,Summerville,SC,29486,US,(843) 879-5573,Sun–Sat7AM–10PM
5015 Weddington Rd,Concord,NC,28027,US,(704) 795-7127,Sun–Sat7AM–10PM
150 Harbison Blvd,Columbia,SC,29212,US,(803) 407-0449,Sun–Sat7AM–10PM
2640 Blanding Blvd,Middleburg,FL,32068,US,(904) 291-5123,Sun–Sat7AM–10PM
5021 Hughes Crossing Blvd,Franklin,TN,37064,US,(615) 595-2021,Sun–Sat7AM–9PM
1400 Liberty Pike Ste 200,Franklin,TN,37067,US,(615) 591-4061,Sun–Sat7AM–9PM
2324 Lebanon Pike,Nashville,TN,37214,US,(615) 884-2665,Sun–Sat7AM–10PM
3461 Lithia Pinecrest Rd,Valrico,FL,33596,US,(813) 661-4283,Sun–Sat7AM–10PM
255 E Van Fleet Dr,Bartow,FL,33830,US,(863) 534-1560,Sun–Sat7AM–10PM
500 N US Highway 1,Tequesta,FL,33469,US,(561) 741-8147,Sun–Sat7AM–10PM
1483 Nashville Pike,Gallatin,TN,37066,US,(615) 451-6285,Sun–Sat7AM–9PM
572 Hank Aaron Dr SE,Atlanta,GA,30312,US,(470) 945-8956,Sun–Sat7AM–10PM
7060 W Palmetto Park Rd,Boca Raton,FL,33433,US,(561) 338-0648,Sun–Sat7AM–10PM
411 The Pkwy,Greer,SC,29650,US,(864) 848-7820,Sun–Sat7AM–10PM
170 Village Commons Dr,Saint Augustine,FL,32092,US,(904) 940-3357,Sun–Sat7AM–10PM
3330 Inner Perimeter Rd,Valdosta,GA,31602,US,(229) 671-9835,Sun–Sat7AM–10PM
18955 US Highway 441,Mount Dora,FL,32757,US,(352) 383-0368,Sun7AM–9PMMon–Sat7AM–10PM
11400 Ridge Rd,New Port Richey,FL,34654,US,(727) 848-4185,Sun–Sat7AM–10PM
4851 Whitesburg Dr SE Ste B,Huntsville,AL,35802,US,(256) 650-2390,Sun–Sat6:30AM–10PM
30841 Mirada Blvd,San Antonio,FL,33576,US,(352) 588-1170,Sun–Sat7AM–10PM
13700 Hull Street Rd,Midlothian,VA,23112,US,(804) 739-1160,Sun–Sat7AM–9PM
2750 SW Martin Downs Blvd,Palm City,FL,34990,US,(772) 781-3012,Sun–Sat7AM–10PM
16800 SW 88th St,Miami,FL,33196,US,(305) 382-5551,Sun–Sat7AM–10PM
4401 13th St,Saint Cloud,FL,34769,US,(407) 498-3070,Sun–Sat7AM–10PM
1850 N Courtenay Pkwy,Merritt Island,FL,32953,US,(321) 986-6260,Sun–Sat7AM–9PM
2517 S Federal Hwy,Fort Pierce,FL,34982,US,(772) 595-1700,Sun–Sat7AM–10PM
21301 S Tamiami Trl Ste 200,Estero,FL,33928,US,(239) 948-1174,Sun–Sat7AM–10PM
1780 NE Jensen Beach Blvd,Jensen Beach,FL,34957,US,(772) 225-3704,Sun–Sat7AM–10PM
6627 Boynton Beach Blvd,Boynton Beach,FL,33437,US,(561) 731-2065,Sun–Sat7AM–10PM
1339 W Palmetto Park Rd,Boca Raton,FL,33486,US,(561) 362-5305,Sun–Sat7AM–10PM
10450 Pines Blvd,Pembroke Pines,FL,33026,US,(954) 437-2457,Sun–Sat7AM–10PM
2633 N Dixie Hwy,Wilton Manors,FL,33334,US,(954) 566-6363,Sun–Sat7AM–10PM
1776 Biscayne Blvd,Miami,FL,33132,US,(305) 358-3433,Sun–Sat7AM–10PM
1640 Lee Victory Pkwy,Smyrna,TN,37167,US,(615) 223-9101,Sun–Sat7AM–9PM
6707 Highway 431 S,Owens Cross Roads,AL,35763,US,(256) 512-0990,Sun–Sat6:45AM–10PM
90 Marketplace Cir,Calera,AL,35040,US,(205) 668-3585,Sun–Sat7AM–10PM
955 Wood Duck Dr,Myrtle Beach,SC,29577,US,(843) 293-1012,Sun–Sat7AM–9PM
6110 Cedarcrest Rd NW,Acworth,GA,30101,US,(678) 439-3440,Sun–Sat7AM–10PM
1109 S Park St Ste 600,Carrollton,GA,30117,US,(770) 214-3140,Sun–Sat7AM–9PM
2774 N Cobb Pkwy Ste 201,Kennesaw,GA,30152,US,(770) 426-3240,Sun–Sat7AM–10PM
8842 W State Road 84,Davie,FL,33324,US,(954) 472-4511,Sun–Sat7AM–10PM
7780 McGinnis Ferry Rd,Suwanee,GA,30024,US,(770) 622-0218,Sun–Sat7AM–10PM
1625 Pleasant Hill Rd Ste 200,Duluth,GA,30096,US,(770) 806-2780,Sun–Sat6:30AM–10PM
1512 Highway 74 N,Tyrone,GA,30290,US,(770) 774-2780,Sun–Sat7AM–10PM
1600 N Jackson St Ste 340,Tullahoma,TN,37388,US,(931) 455-6032,Sun–Sat7AM–9PM
6015 Watson Blvd,Byron,GA,31008,US,(478) 971-7706,Sun–Sat7AM–10PM
1771 Madison St,Clarksville,TN,37043,US,(931) 551-7031,Sun–Sat7AM–9PM
9900 Alternate A1A,Palm Beach Gardens,FL,33410,US,(728) 210-7250,Sun–Sat7AM–10PM
203 NW 13th St,Gainesville,FL,32601,US,(352) 375-2775,Sun–Sat7AM–10PM
4965 Promenade Pkwy,Bessemer,AL,35022,US,(205) 426-7100,Sun–Sat7AM–10PM
10225 Ocean Hwy # 17,Pawleys Island,SC,29585,US,(843) 235-3755,Sun–Sat7AM–9PM
8095 N University Dr,Parkland,FL,33067,US,(954) 575-8225,Sun–Sat7AM–10PM
15 Laurel Canyon Village Circle Suite 118,Canton,GA,30114,US,(770) 479-3700,Sun–Sat7AM–10PM
414 Beach Village Dr,Flagler Beach,FL,32136,US,(386) 517-2776,Sun–Sat7AM–9PM
6901 Taft St,Hollywood,FL,33024,US,(954) 961-1770,Sun–Sat7AM–10PM
902 Curlew Rd,Dunedin,FL,34698,US,(727) 736-9047,Sun–Sat7AM–10PM
13735 SW 152nd St,Miami,FL,33177,US,(305) 251-9889,Sun–Sat7AM–10PM
2900 Delk Rd SE Ste 1150,Marietta,GA,30067,US,(770) 612-5150,Sun–Sat7AM–10PM
14605 State Rd 70,Bradenton,FL,34202,US,(941) 751-1325,Sun–Sat7AM–10PM
32765 Eiland Blvd,Zephyrhills,FL,33545,US,(813) 779-2368,Sun–Sat7AM–10PM
3690 Bee Ridge Rd,Sarasota,FL,34233,US,(941) 925-0269,Sun–Sat7AM–10PM
13435 US Highway 1,Sebastian,FL,32958,US,(772) 589-5110,Sun–Sat7AM–9PM
20321 Summerlin Rd,Fort Myers,FL,33908,US,(239) 454-0145,Sun–Sat7AM–9PM
100 Hancock Bridge Pkwy W,Cape Coral,FL,33991,US,(239) 458-8900,Sun–Sat7AM–10PM
8644 E Brainerd Rd,Chattanooga,TN,37421,US,(423) 296-1903,Sun–Sat7AM–9PM
12975 Collier Blvd Ste 200,Naples,FL,34116,US,(239) 304-3394,Sun–Sat7AM–10PM
10142 Indiantown Rd,Jupiter,FL,33478,US,(561) 748-5812,Sun–Sat7AM–10PM
2275 Marietta Blvd NW,Atlanta,GA,30318,US,(404) 351-4794,Sun–Sat7AM–10PM
3535 Peachtree Rd NE,Atlanta,GA,30326,US,(404) 848-0344,Sun–Sat7AM–10PM
4480 S Cobb Dr SE,Smyrna,GA,30080,US,(770) 434-6225,Sun–Sat7AM–10PM
110 Indian Lake Blvd,Hendersonville,TN,37075,US,(615) 264-1350,Sun–Sat7AM–9PM
2900 E University Dr,Auburn,AL,36830,US,(334) 502-2416,Sun–Sat7AM–9PM
1285 University Dr,Coral Springs,FL,33071,US,(754) 240-6239,Sun–Sat7AM–10PM
3700 4th St N,Saint Petersburg,FL,33704,US,(727) 526-3019,Sun–Sat7AM–10PM
3446 Winder Hwy,Flowery Branch,GA,30542,US,(770) 538-4270,Sun–Sat7AM–10PM
1075 Pasadena Ave S,South Pasadena,FL,33707,US,(727) 341-1790,Sun–Sat7AM–10PM
15755 SW 56th St,Miami,FL,33185,US,(305) 207-0481,Sun–Sat7AM–10PM
6876 Collins Ave,Miami Beach,FL,33141,US,(305) 864-7405,Sun–Sat7AM–10PM
3304 Bonita Beach Rd,Bonita Springs,FL,34134,US,(239) 495-1600,Sun–Sat7AM–10PM
4325 Atlanta Hwy,Loganville,GA,30052,US,(770) 466-5150,Sun–Sat7AM–10PM
51 Old Farm Rd,Jefferson,GA,30549,US,(706) 708-5216,Sun–Sat7AM–10PM
3620 Atlanta Hwy,Athens,GA,30606,US,(706) 208-3700,Sun–Sat7AM–10PM
2614 S McKenzie St,Foley,AL,36535,US,(251) 943-3329,Sun–Sat7AM–9PM
625 W Gaines St,Tallahassee,FL,32304,US,(850) 577-1915,Sun–Sat7AM–10PM
11701 Abercorn St,Savannah,GA,31419,US,(912) 925-4112,Sun–Sat7AM–10PM
5055 N 9th Ave,Pensacola,FL,32504,US,(850) 484-9646,Sun–Sat7AM–10PM
9500 W Hwy 98,Pensacola,FL,32506,US,(850) 823-5870,Sun–Sat7AM–10PM
1020 Bradford Plaza Way,Cary,NC,27519,US,(919) 460-2082,Sun–Sat7AM–9PM
440 N Orlando Ave,Winter Park,FL,32789,US,(407) 644-1204,Sun–Sat7AM–10PM
11255 Causeway Blvd,Brandon,FL,33511,US,(813) 655-8911,Sun–Sat7AM–10PM
11055 Daryl Carter Pkwy,Orlando,FL,32836,US,(407) 605-4044,Sun–Sat7AM–10PM
1501 NW Federal Hwy,Stuart,FL,34994,US,(772) 692-5025,Sun–Sat7AM–10PM
55 Ava Way,Saint Augustine,FL,32084,US,(904) 827-1448,Sun–Sat7AM–9PM
955 State Road 16,Saint Augustine,FL,32084,US,(904) 819-6518,Sun–Sat7AM–10PM
13750 W Colonial Dr,Winter Garden,FL,34787,US,(407) 654-7172,Sun–Sat7AM–10PM
16100 NC Hwy 50 N,Garner,NC,27529,US,(919) 334-4539,Sun–Sat7AM–10PM
400 E Central Blvd,Orlando,FL,32801,US,(407) 872-7201,Sun–Sat7AM–10PM
15729 Pines Blvd,Pembroke Pines,FL,33027,US,(954) 431-2094,Sun–Sat7AM–10PM
4425 Commons Dr E,Destin,FL,32541,US,(850) 837-9094,Sun–Sat7AM–10PM